Colourimetric 1,,Colourimetric 2,,Colourimetric 3,
Temp,PWM,Temp,PWM,Temp,PWM
23.63,255,,,,
23.63,255,,,,
23.72,253.14,,,,
23.51,255,,,,
23.51,255,,,,
23.51,255,,,,
23.51,255,,,,
23.53,255,,,,
23.55,255,,,,
23.58,255,,,,
23.64,255,,,,
23.72,255,,,,
23.83,255,,,,
23.95,255,,,,
24.11,255,,,,
24.28,255,,,,
24.49,255,,,,
24.72,255,,,,
24.96,255,,,,
25.23,255,,,,
25.52,255,,,,
25.84,255,,,,
26.17,255,,,,
26.51,255,,,,
26.89,255,,,,
27.25,255,,,,
27.64,255,,,,
28.04,255,,,,
28.44,255,,,,
28.89,255,,,,
29.32,255,,,,
29.81,255,,,,
30.31,255,,,,
30.82,255,,,,
31.31,255,,,,
31.8,255,,,,
32.32,255,,,,
32.98,255,,,,
33.42,255,,,,
33.99,255,,,,
34.56,255,,,,
35.13,255,,,,
35.7,255,,,,
36.25,255,,,,
36.82,255,,,,
37.37,255,,,,
37.93,255,,,,
38.48,255,,,,
39.05,255,,,,
39.62,255,,,,
40.19,255,,,,
40.77,255,,,,
41.35,255,,,,
41.94,255,,,,
42.54,255,,,,
43.13,255,,,,
43.73,255,,,,
44.32,255,,,,
44.96,255,,,,
45.57,255,,,,
46.19,255,,,,
46.81,255,,,,
47.43,255,,,,
48.06,255,,,,
48.68,255,,,,
49.3,255,,,,
49.91,255,,,,
50.53,255,,,,
51.15,255,,,,
51.79,255,,,,
52.4,255,,,,
53.06,255,,,,
53.69,255,,,,
54.31,255,,,,
54.95,255,,,,
55.56,255,,,,
56.18,255,,,,
56.81,255,,,,
57.43,255,,,,
58.07,255,,,,
58.69,255,,,,
59.34,255,,,,
59.94,255,,,,
60.56,255,,,,
61.2,255,,,,
61.82,255,,,,
62.45,255,,,,
63.09,255,,,,
63.79,255,,,,
64.38,252.6,,,,
65.02,238.71,,,,
65.6,228.06,,,,
66.2,215.34,,,,
66.78,202.86,,,,
67.94,163.78,,,,
67.85,195.87,,,,
68.51,161.54,,,,
69.27,142.21,,,,
70.55,100.73,,,,
70.27,142.37,,,,
70.96,101.49,,,,
72.23,58.1,,,,
73.08,47.4,,,,
72.91,72.4,,,,
73.98,15.51,,,,
75,0,,,,
75.59,0,,,,
76.19,0,,,,
76.78,0,,,,
77.33,0,,,,
77.91,0,,,,
78.46,0,,,,
78.93,0,,,,
79.44,0,,,,
79.85,0,,,,
80.28,0,,,,
80.76,0,,,,
81.17,0,,,,
81.53,0,,,,
81.96,0,,,,
82.28,0,,,,
82.59,0,,,,
82.92,0,,,,
83.21,0,,,,
83.4,0,,,,
83.67,0,,,,
83.94,0,,,,
84.07,0,,,,
84.32,0,,,,
84.46,0,,,,
84.71,0,,,,
84.77,0,,,,
84.92,0,,,,
85.08,0,,,,
85.13,0,,,,
85.23,0,,,,
85.34,0,,,,
85.41,0,,,,
85.45,0,,,,
85.48,0,,,,
85.49,0,,,,
85.55,0,,,,
85.59,0,,,,
85.58,0,,,,
85.57,0,,,,
85.59,0,,,,
85.56,0,,,,
85.55,0,,,,
85.48,0,,,,
85.5,0,,,,
85.47,0,,,,
85.42,0,,,,
85.37,0,,,,
85.31,0,,,,
85.18,0,,,,
85.14,0,,,,
85.09,0,,,,
85.04,0,,,,
84.86,0,,,,
84.76,0,,,,
84.73,0,,,,
84.59,0,,,,
84.45,0,,,,
84.37,0,,,,
84.25,0,,,,
84.08,0,,,,
84.03,0,,,,
83.94,0,,,,
83.76,0,,,,
83.65,0,,,,
83.45,0,,,,
83.35,0,,,,
83.26,0,,,,
83.05,0,,,,
82.96,0,,,,
82.75,0,,,,
82.65,0,,,,
82.46,0,,,,
82.32,0,,,,
82.16,0,,,,
82.01,0,,,,
81.87,0,,,,
81.67,0,,,,
81.5,0,,,,
81.36,0,,,,
81.23,0,,,,
81.05,0,,,,
80.92,0,,,,
80.73,0,,,,
80.55,0,,,,
80.42,0,,,,
80.22,0,,,,
80.08,0,,,,
79.85,0,,,,
79.75,0,,,,
79.52,0,,,,
79.37,0,,,,
79.19,0,,,,
79.03,0,,,,
78.87,0,,,,
78.66,0,,,,
78.52,0,,,,
78.32,0,,,,
78.19,0,,,,
78.01,0,,,,
77.83,0,,,,
77.7,0,,,,
77.45,0,,,,
77.3,0,,,,
77.12,0,,,,
76.93,0,,,,
76.78,0,,,,
76.59,0,,,,
76.44,0,,,,
76.26,0,,,,
76.08,0,,,,
75.92,0,,,,
75.76,0,,,,
75.57,0,,,,
75.39,0,,,,
75.22,0,,,,
75.03,0,,,,
74.89,0,,,,
74.69,0,,,,
74.52,0,,,,
74.37,0,,,,
74.19,0,,,,
74.01,0,,,,
73.85,0,,,,
73.66,0,,,,
73.5,0,,,,
73.38,0,,,,
73.14,0,,,,
73,0,,,,
72.87,0,,,,
72.66,0,,,,
72.49,0,,,,
72.37,0,,,,
72.17,0,,,,
72.03,0,,,,
71.86,0,,,,
71.69,0,,,,
71.51,0,,,,
71.38,0,,,,
71.2,0,,,,
71.03,0,,,,
70.9,0,,,,
70.72,0,,,,
70.53,0,,,,
70.41,0,,,,
70.26,0,,,,
70.06,0,,,,
69.96,0,,,,
69.8,0,,,,
69.61,0,,,,
69.44,0,,,,
69.3,0,,,,
69.14,0,,,,
68.99,0,,,,
68.85,0,,,,
68.67,0,,,,
68.53,0,,,,
68.42,0,,,,
68.25,0,,,,
68.11,0,,,,
67.98,0,,,,
67.82,0,,,,
67.63,0,,,,
67.52,0,,,,
67.38,0,,,,
67.2,0,,,,
67.06,0,,,,
66.93,0,,,,
66.85,0,,,,
66.71,0,,,,
66.55,0,,,,
66.41,0,,,,
66.28,0,,,,
66.13,0,,,,
65.95,0,,,,
65.86,0,,,,
65.72,0,,,,
65.56,0,,,,
65.42,0,,,,
65.29,0,,,,
65.14,0.96,,,,
65.03,2.36,,,,
64.91,4.87,,,,
64.75,9.3,,,,
64.29,26.19,,,,
64.49,5.9,,,,
64.35,17.43,,,,
64.23,20.17,,,,
64.1,22.99,,,,
63.58,44.24,,,,
63.77,22.96,,,,
63.73,30.36,,,,
63.47,41.72,,,,
62.92,61.02,,,,
62.65,60.68,,,,
62.52,61.13,,,,
62.46,61.73,,,,
62.34,66.71,,,,
62.3,67.03,,,,
62.2,72.04,,,,
62.13,74.03,,,,
62.1,75.22,,,,
62.47,58.99,,,,
62.66,60.6,,,,
62.63,68.19,,,,
62.63,68.71,,,,
62.07,95.06,,,,
62.29,72.82,,,,
62.59,65.66,,,,
62.69,70.29,,,,
62.77,69.88,,,,
62.21,98.66,,,,
62.44,75.49,,,,
62.86,63.66,,,,
62.99,69,,,,
63.07,69.78,,,,
62.62,93.41,,,,
62.94,68.5,,,,
63.35,59.15,,,,
63.56,60.29,,,,
63.69,60.52,,,,
63.22,85.81,,,,
63.67,54.58,,,,
64.12,45.99,,,,
64.26,51.32,,,,
64.4,48.81,,,,
64.01,70.24,,,,
64.47,40.05,,,,
64.91,32.02,,,,
65.11,33.95,,,,
65.27,31.42,,,,
65.02,46.77,,,,
65.47,19.98,,,,
65.76,17.8,,,,
65.93,17.11,,,,
66.11,12.64,,,,
65.93,24.56,,,,
66.43,0,,,,
66.55,3.37,,,,
66.72,0,,,,
66.87,0,,,,
66.98,0,,,,
67.11,0,,,,
67.19,0,,,,
67.3,0,,,,
67.41,0,,,,
67.53,0,,,,
67.61,0,,,,
67.7,0,,,,
67.81,0,,,,
67.83,0,,,,
67.93,0,,,,
67.97,0,,,,
68.02,0,,,,
68.07,0,,,,
68.06,0,,,,
68.09,0,,,,
68.14,0,,,,
68.19,0,,,,
68.17,0,,,,
68.17,0,,,,
68.17,0,,,,
68.17,0,,,,
68.15,0,,,,
68.12,0,,,,
68.1,0,,,,
68.07,0,,,,
68.03,0,,,,
68.03,0,,,,
68.01,0,,,,
67.95,0,,,,
67.91,0,,,,
67.83,0,,,,
67.81,0,,,,
67.79,0,,,,
67.72,0,,,,
67.63,0,,,,
67.59,0,,,,
67.57,0,,,,
67.47,0,,,,
67.38,0,,,,
67.32,0,,,,
67.25,0,,,,
67.17,0,,,,
67.11,0,,,,
67.02,0,,,,
66.96,0,,,,
66.94,0,,,,
66.85,0,,,,
66.75,0,,,,
66.66,0,,,,
66.55,0,,,,
66.52,0,,,,
66.41,0,,,,
66.33,0,,,,
66.2,0,,,,
66.13,0,,,,
66.04,0,,,,
65.94,0,,,,
65.84,0,,,,
65.74,0,,,,
65.65,0,,,,
65.54,0,,,,
65.45,0,,,,
65.34,0,,,,
65.26,0,,,,
65.14,0.26,,,,
65.06,0.75,,,,
64.94,4.5,,,,
64.84,5.85,,,,
64.73,8.49,,,,
64.21,29.13,,,,
63.96,28.34,,,,
63.86,27.2,,,,
63.75,29.89,,,,
63.64,32.97,,,,
63.52,36.59,,,,
63.38,40.4,,,,
63.29,41.93,,,,
63.21,43.95,,,,
63.72,19.82,,,,
63.63,37.17,,,,
63.55,39.46,,,,
63.52,39.65,,,,
63.01,62.37,,,,
63.18,43.47,,,,
63.33,41.21,,,,
63.28,48.58,,,,
63.24,49.74,,,,
62.75,71.82,,,,
62.94,52.47,,,,
63.14,48.86,,,,
63.16,53.65,,,,
63.14,56.25,,,,
62.83,70.92,,,,
62.88,61.77,,,,
63.13,52.72,,,,
63.18,57.71,,,,
63.2,58.98,,,,
62.9,74.17,,,,
62.96,64.57,,,,
63.27,53.26,,,,
63.38,57.01,,,,
63.42,58.57,,,,
62.98,80.27,,,,
63.23,59.26,,,,
63.68,45.72,,,,
63.76,53.83,,,,
63.85,52.55,,,,
63.38,76.47,,,,
63.76,48.7,,,,
64.16,40.26,,,,
64.29,44.78,,,,
64.39,43.83,,,,
64.03,63.23,,,,
64.46,34.85,,,,
64.76,32.6,,,,
64.9,33.79,,,,
65.02,31.53,,,,
64.71,48.88,,,,
65.18,19.98,,,,
65.38,22.3,,,,
65.51,21.17,,,,
65.65,18.18,,,,
65.43,31.25,,,,
65.89,4.19,,,,
66.01,10.27,,,,
66.13,6.85,,,,
66.27,3.48,,,,
66.36,2.01,,,,
66.23,9.39,,,,
66.02,15.09,,,,
66.15,3.22,,,,
67.22,0,,,,
66.79,2.67,,,,
66.48,4.95,,,,
66.27,6.46,,,,
66.95,0,,,,
67.13,0,,,,
67.14,0,,,,
67.18,0,,,,
67.21,0,,,,
67.25,0,,,,
67.3,0,,,,
67.34,0,,,,
67.35,0,,,,
67.38,0,,,,
67.38,0,,,,
67.37,0,,,,
67.38,0,,,,
67.37,0,,,,
67.36,0,,,,
67.35,0,,,,
67.35,0,,,,
67.32,0,,,,
67.29,0,,,,
67.23,0,,,,
67.2,0,,,,
67.16,0,,,,
67.15,0,,,,
67.1,0,,,,
67.03,0,,,,
66.99,0,,,,
66.98,0,,,,
66.94,0,,,,
66.92,0,,,,
66.82,0,,,,
66.76,0,,,,
66.72,0,,,,
66.62,0,,,,
66.57,0,,,,
66.53,0,,,,
66.42,0,,,,
66.35,0,,,,
66.29,0,,,,
66.18,0,,,,
66.12,0,,,,
66.05,0,,,,
65.95,0,,,,
65.89,0,,,,
65.76,0,,,,
65.71,0,,,,
65.61,0,,,,
65.51,0,,,,
65.45,0,,,,
65.34,0,,,,
65.27,0,,,,
65.15,0,,,,
65.09,0,,,,
64.97,3.49,,,,
65.54,0,,,,
64.79,23.04,,,,
64.17,32.5,,,,
63.96,26.97,,,,
63.91,24.73,,,,
63.82,28.12,,,,
63.73,30.24,,,,
63.62,33.97,,,,
64.14,8.23,,,,
64,27.93,,,,
63.93,27.94,,,,
63.85,30.68,,,,
63.34,52.36,,,,
63.6,28.69,,,,
63.61,35.15,,,,
63.56,38.65,,,,
63.52,39.77,,,,
63.05,61.03,,,,
63.24,41.31,,,,
63.36,41.75,,,,
63.33,46.7,,,,
63.29,49.11,,,,
62.81,70.57,,,,
62.96,52.54,,,,
63.18,47.58,,,,
63.21,52.38,,,,
63.21,54.29,,,,
62.72,77.56,,,,
62.94,56.02,,,,
63.21,50.61,,,,
63.29,54.56,,,,
63.32,55.85,,,,
62.85,78.88,,,,
63.06,59.04,,,,
63.47,46.01,,,,
63.54,54.47,,,,
63.58,54.82,,,,
63.13,76.88,,,,
63.46,51.72,,,,
63.81,44.91,,,,
63.92,48.95,,,,
63.99,49.21,,,,
63.6,69.22,,,,
63.97,43.43,,,,
64.33,36.77,,,,
64.42,42.03,,,,
64.53,39.58,,,,
64.21,56.9,,,,
64.6,31.68,,,,
64.91,27.48,,,,
64.98,32.23,,,,
65.13,27.06,,,,
64.87,42.67,,,,
65.26,18.5,,,,
65.49,17.34,,,,
65.6,18.06,,,,
65.74,14.23,,,,
65.53,26.83,,,,
65.94,2.54,,,,
66.06,7.01,,,,
66.15,5.35,,,,
66.3,0.3,,,,
66.35,1.09,,,,
66.46,0,,,,
66.54,0,,,,
66.64,0,,,,
66.72,0,,,,
66.79,0,,,,
66.86,0,,,,
66.92,0,,,,
66.96,0,,,,
67.01,0,,,,
66.98,0,,,,
67.11,0,,,,
67.05,0,,,,
67.1,0,,,,
67.1,0,,,,
67.11,0,,,,
67.12,0,,,,
67.13,0,,,,
67.13,0,,,,
67.11,0,,,,
67.07,0,,,,
67.11,0,,,,
67.06,0,,,,
67.02,0,,,,
66.99,0,,,,
67.01,0,,,,
66.93,0,,,,
66.95,0,,,,
66.92,0,,,,
66.86,0,,,,
66.78,0,,,,
66.77,0,,,,
66.72,0,,,,
66.64,0,,,,
66.59,0,,,,
66.53,0,,,,
66.49,0,,,,
66.39,0,,,,
66.33,0,,,,
66.26,0,,,,
66.18,0,,,,
66.11,0,,,,
66.06,0,,,,
65.95,0,,,,
65.9,0,,,,
65.8,0,,,,
65.72,0,,,,
65.65,0,,,,
65.54,0,,,,
65.46,0,,,,
65.36,0,,,,
65.31,0,,,,
65.23,0,,,,
65.12,0.26,,,,
65.05,0.97,,,,
64.93,4.28,,,,
64.85,5.04,,,,
64.74,8.34,,,,
64.66,9.37,,,,
64.56,11.93,,,,
64.48,13.44,,,,
64.09,29.31,,,,
64.3,10.55,,,,
64.17,21.78,,,,
64.08,23.13,,,,
63.36,54.4,,,,
63.9,12.28,,,,
63.82,30.11,,,,
63.01,65.75,,,,
63.61,18.89,,,,
63.55,37.29,,,,
62.79,71.5,,,,
63.37,26.78,,,,
63.38,42.06,,,,
62.59,78.56,,,,
63.2,32.69,,,,
63.2,48.71,,,,
62.44,84.19,,,,
63.09,36.68,,,,
63.13,52.12,,,,
62.38,88.43,,,,
63.03,41.31,,,,
63.1,55.12,,,,
62.37,91.26,,,,
63.07,42.49,,,,
63.17,56.47,,,,
62.44,93.2,,,,
63.17,42.6,,,,
63.25,58.52,,,,
62.57,92.04,,,,
63.33,41.64,,,,
63.45,56.38,,,,
62.8,89.4,,,,
63.56,39.75,,,,
63.69,53.58,,,,
63.04,87.25,,,,
63.89,32.86,,,,
64,50.13,,,,
63.17,90.8,,,,
64.21,23.64,,,,
64.32,45.15,,,,
63.72,75.56,,,,
64.56,23.17,,,,
64.73,36.41,,,,
64.09,69.77,,,,
64.97,14.49,,,,
65.13,29.18,,,,
64.49,61.95,,,,
65.37,6.39,,,,
65.53,21.03,,,,
65.63,20.1,,,,
65.8,14.57,,,,
65.94,11.95,,,,
65.83,20.02,,,,
66.23,0,,,,
66.34,3.19,,,,
66.49,0,,,,
66.58,0,,,,
66.74,0,,,,
66.8,0,,,,
66.93,0,,,,
67,0,,,,
67.11,0,,,,
67.14,0,,,,
67.18,0,,,,
67.25,0,,,,
67.34,0,,,,
67.36,0,,,,
67.39,0,,,,
67.42,0,,,,
67.5,0,,,,
67.51,0,,,,
67.55,0,,,,
67.56,0,,,,
67.58,0,,,,
67.57,0,,,,
67.58,0,,,,
67.56,0,,,,
67.56,0,,,,
67.53,0,,,,
67.5,0,,,,
67.48,0,,,,
67.41,0,,,,
67.4,0,,,,
67.38,0,,,,
67.34,0,,,,
67.3,0,,,,
67.23,0,,,,
67.18,0,,,,
67.15,0,,,,
67.09,0,,,,
67.04,0,,,,
66.97,0,,,,
66.96,0,,,,
66.91,0,,,,
66.82,0,,,,
66.76,0,,,,
66.7,0,,,,
66.61,0,,,,
66.53,0,,,,
66.47,0,,,,
66.36,0,,,,
66.33,0,,,,
66.22,0,,,,
66.13,0,,,,
66.06,0,,,,
65.96,0,,,,
65.89,0,,,,
65.78,0,,,,
65.72,0,,,,
65.63,0,,,,
65.51,0,,,,
65.44,0,,,,
65.32,0,,,,
65.28,0,,,,
65.13,1.2,,,,
65.07,0,,,,
64.94,4.62,,,,
64.88,4.16,,,,
64.74,8.74,,,,
64.67,8.73,,,,
64.55,12.83,,,,
64.37,18.09,,,,
64.37,13.92,,,,
63.73,43.19,,,,
64.16,8.32,,,,
64.07,23.73,,,,
63.94,27.84,,,,
63.87,28.24,,,,
63.12,60.94,,,,
63.69,17.42,,,,
63.58,37.13,,,,
62.81,70.63,,,,
63.4,25.25,,,,
63.38,41.58,,,,
62.59,78.11,,,,
63.19,32.3,,,,
63.19,47.97,,,,
62.44,83.03,,,,
63.07,37,,,,
63.1,52.31,,,,
62.34,88.49,,,,
63,40.83,,,,
63.04,56.46,,,,
62.32,91.39,,,,
63,43.76,,,,
63.01,61.22,,,,
62.37,91.54,,,,
63.07,45.29,,,,
63.16,59.35,,,,
62.46,94.47,,,,
63.2,44.67,,,,
63.33,58.01,,,,
62.65,92.97,,,,
63.39,43.62,,,,
63.57,54.76,,,,
62.9,90.63,,,,
63.71,37.71,,,,
63.83,53.17,,,,
63.21,85.34,,,,
64.08,30.84,,,,
64.18,48.55,,,,
63.57,79.07,,,,
64.47,23.76,,,,
64.57,42.21,,,,
63.96,72.31,,,,
64.86,16.57,,,,
64.97,34.38,,,,
64.36,64.92,,,,
65.28,7.96,,,,
64.44,69.31,,,,
65.33,7.68,,,,
65.69,13.46,,,,
65.82,16.27,,,,
65.96,12.81,,,,
65.8,22.99,,,,
66.25,0,,,,
66.37,3.27,,,,
66.52,0,,,,
66.61,0,,,,
66.76,0,,,,
66.88,0,,,,
66.97,0,,,,
67.06,0,,,,
67.11,0,,,,
67.18,0,,,,
67.27,0,,,,
67.37,0,,,,
67.42,0,,,,
67.47,0,,,,
67.53,0,,,,
67.57,0,,,,
67.6,0,,,,
67.62,0,,,,
67.63,0,,,,
67.65,0,,,,
67.7,0,,,,
67.68,0,,,,
67.69,0,,,,
67.71,0,,,,
67.69,0,,,,
67.68,0,,,,
67.64,0,,,,
67.63,0,,,,
67.61,0,,,,
67.58,0,,,,
67.56,0,,,,
67.53,0,,,,
67.47,0,,,,
67.43,0,,,,
67.39,0,,,,
67.37,0,,,,
67.3,0,,,,
67.24,0,,,,
67.18,0,,,,
67.15,0,,,,
67.06,0,,,,
66.98,0,,,,
66.98,0,,,,
66.95,0,,,,
66.88,0,,,,
66.78,0,,,,
66.7,0,,,,
66.64,0,,,,
66.54,0,,,,
66.48,0,,,,
66.4,0,,,,
66.34,0,,,,
66.23,0,,,,
66.14,0,,,,
66.08,0,,,,
65.99,0,,,,
65.89,0,,,,
65.78,0,,,,
65.72,0,,,,
65.61,0,,,,
65.52,0,,,,
65.41,0,,,,
65.32,0,,,,
65.26,0,,,,
65.13,0.88,,,,
65.08,0,,,,
64.95,4.46,,,,
64.88,4.17,,,,
64.73,9.36,,,,
64.66,8.79,,,,
64.56,12.11,,,,
63.79,44.38,,,,
64.34,0.99,,,,
64.27,18.37,,,,
64.08,25.52,,,,
64.06,22.29,,,,
63.29,56.91,,,,
63.86,13.06,,,,
63.76,31.9,,,,
62.98,66.02,,,,
63.56,20.75,,,,
63.55,36.44,,,,
62.73,74.43,,,,
63.32,28.21,,,,
63.32,43.59,,,,
62.53,80.56,,,,
63.14,34.18,,,,
63.16,49.54,,,,
62.4,85.64,,,,
63.03,39.31,,,,
63.04,55.13,,,,
62.32,89.51,,,,
63,41.87,,,,
63.01,59.5,,,,
62.32,91.91,,,,
63.01,44.7,,,,
63.08,59.87,,,,
62.43,92.13,,,,
63.15,44.29,,,,
63.21,60.7,,,,
62.56,92.55,,,,
63.29,44.05,,,,
63.4,58.49,,,,
62.75,91.3,,,,
63.52,41.4,,,,
63.66,55.07,,,,
63.02,88.24,,,,
63.87,34.62,,,,
63.97,51.69,,,,
63.33,83.78,,,,
64.19,29.87,,,,
64.33,45.25,,,,
64.46,43.23,,,,
64.57,41.74,,,,
64.28,57.82,,,,
64.74,29.99,,,,
64.98,30.51,,,,
65.12,30.5,,,,
65.28,26.38,,,,
64.99,43.36,,,,
65.5,13.14,,,,
65.7,16.39,,,,
65.07,50.06,,,,
65.94,0,,,,
66.08,9.07,,,,
66.19,7.54,,,,
66.32,3.53,,,,
67.12,0,,,,
66.51,16.25,,,,
66.17,16.1,,,,
66.77,0,,,,
66.92,0,,,,
66.98,0,,,,
67.07,0,,,,
67.12,0,,,,
67.18,0,,,,
67.23,0,,,,
67.32,0,,,,
67.36,0,,,,
67.42,0,,,,
67.46,0,,,,
67.49,0,,,,
67.54,0,,,,
67.58,0,,,,
67.57,0,,,,
67.58,0,,,,
67.6,0,,,,
67.59,0,,,,
67.59,0,,,,
67.59,0,,,,
67.57,0,,,,
67.56,0,,,,
67.55,0,,,,
67.52,0,,,,
67.48,0,,,,
67.46,0,,,,
67.41,0,,,,
67.38,0,,,,
67.34,0,,,,
67.28,0,,,,
67.24,0,,,,
67.19,0,,,,
67.15,0,,,,
67.08,0,,,,
67,0,,,,
66.97,0,,,,
66.97,0,,,,
66.92,0,,,,
66.84,0,,,,
66.77,0,,,,
66.7,0,,,,
66.61,0,,,,
66.55,0,,,,
66.47,0,,,,
66.35,0,,,,
66.3,0,,,,
66.23,0,,,,
66.14,0,,,,
66.06,0,,,,
65.94,0,,,,
65.88,0,,,,
65.78,0,,,,
65.71,0,,,,
65.62,0,,,,
65.51,0,,,,
65.41,0,,,,
65.32,0,,,,
65.26,0,,,,
65.15,0,,,,
65.06,0.95,,,,
64.96,3.24,,,,
64.9,3.84,,,,
64.77,8.13,,,,
64.68,9.11,,,,
64.57,12.01,,,,
63.84,42.61,,,,
64.37,0.91,,,,
64.27,18.7,,,,
64.16,21.67,,,,
64.08,23.42,,,,
63.37,53.65,,,,
63.89,13.3,,,,
63.78,31.88,,,,
62.98,65.87,,,,
63.58,20.05,,,,
63.54,37.3,,,,
62.77,72.16,,,,
63.36,27.21,,,,
63.36,42.58,,,,
62.58,78.9,,,,
63.18,33.49,,,,
63.19,48.98,,,,
62.44,84.31,,,,
63.06,38.36,,,,
63.1,53.07,,,,
62.37,88.36,,,,
63.01,41.99,,,,
63.06,56.91,,,,
62.35,91.54,,,,
63.03,44.13,,,,
63.12,58,,,,
62.42,92.85,,,,
63.16,43.21,,,,
63.21,60.15,,,,
62.54,93.09,,,,
63.3,42.76,,,,
63.4,58.36,,,,
62.76,90.56,,,,
63.52,41.01,,,,
63.65,54.94,,,,
63.76,53.98,,,,
63.86,52.57,,,,
63.4,76.88,,,,
63.79,48.04,,,,
64.18,41.03,,,,
64.31,44.89,,,,
64.43,43.14,,,,
64.09,61.98,,,,
64.52,34.27,,,,
64.84,31,,,,
64.95,33.9,,,,
64.33,64.89,,,,
65.22,9.25,,,,
65.33,26.3,,,,
65.48,22,,,,
65.61,19.52,,,,
65.09,46.21,,,,
65.9,0,,,,
66.01,11.33,,,,
66.14,7.33,,,,
66.27,4.16,,,,
65.44,44.87,,,,
66.52,0,,,,
66.58,0,,,,
66.75,0,,,,
66.82,0,,,,
66.95,0,,,,
67,0,,,,
67.02,0,,,,
67.12,0,,,,
67.19,0,,,,
67.26,0,,,,
67.34,0,,,,
67.39,0,,,,
67.4,0,,,,
67.44,0,,,,
67.49,0,,,,
67.53,0,,,,
67.53,0,,,,
67.56,0,,,,
67.57,0,,,,
67.57,0,,,,
67.57,0,,,,
67.57,0,,,,
67.58,0,,,,
67.55,0,,,,
67.53,0,,,,
67.51,0,,,,
67.48,0,,,,
67.43,0,,,,
67.4,0,,,,
67.38,0,,,,
67.35,0,,,,
67.29,0,,,,
67.22,0,,,,
67.17,0,,,,
67.15,0,,,,
67.08,0,,,,
67.01,0,,,,
66.96,0,,,,
66.9,0,,,,
66.85,0,,,,
66.77,0,,,,
66.72,0,,,,
66.62,0,,,,
66.55,0,,,,
66.52,0,,,,
66.42,0,,,,
66.35,0,,,,
66.27,0,,,,
66.18,0,,,,
66.12,0,,,,
66.01,0,,,,
65.94,0,,,,
65.85,0,,,,
65.75,0,,,,
65.67,0,,,,
65.59,0,,,,
65.51,0,,,,
65.39,0,,,,
65.32,0,,,,
65.24,0,,,,
65.13,0.1,,,,
65.06,0.63,,,,
64.93,4.58,,,,
64.87,4.14,,,,
64.75,8.11,,,,
63.96,41.56,,,,
64.54,0,,,,
64.48,13.03,,,,
64.34,18.56,,,,
64.3,16.96,,,,
63.55,50.09,,,,
64.09,8.04,,,,
63.97,27.07,,,,
63.91,27.49,,,,
63.8,31.39,,,,
63.03,64.29,,,,
63.65,18.18,,,,
63.58,37.29,,,,
62.79,72.25,,,,
63.38,26.62,,,,
63.38,42.25,,,,
62.6,78.49,,,,
63.21,32.7,,,,
63.24,47.17,,,,
62.47,84.02,,,,
63.16,34.3,,,,
63.17,52.29,,,,
62.44,86.93,,,,
63.06,41.2,,,,
63.17,52.92,,,,
62.42,90.6,,,,
63.1,42.21,,,,
63.17,57.27,,,,
62.48,91.31,,,,
63.19,42.69,,,,
62.83,77.85,,,,
63.04,60.42,,,,
63.38,51.03,,,,
63.44,57.83,,,,
63.53,55.88,,,,
63.1,78.49,,,,
63.41,54.6,,,,
63.79,45.97,,,,
63.91,50.42,,,,
63.98,50.71,,,,
64.11,47.08,,,,
63.47,80.07,,,,
64.33,25.78,,,,
64.47,41.15,,,,
63.82,74.48,,,,
64.72,17.68,,,,
64.84,34.88,,,,
64.19,67.88,,,,
65.11,9.93,,,,
65.21,28.21,,,,
65.21,31.05,,,,
65.48,18.19,,,,
64.99,47.18,,,,
65.74,1.03,,,,
65.9,11.9,,,,
66,10.69,,,,
66.13,7.07,,,,
64.45,86.02,,,,
66.37,0,,,,
66.51,0,,,,
66.57,0,,,,
66.7,0,,,,
66.77,0,,,,
66.9,0,,,,
66.97,0,,,,
67.08,0,,,,
67.11,0,,,,
67.16,0,,,,
67.23,0,,,,
67.31,0,,,,
67.37,0,,,,
67.39,0,,,,
67.46,0,,,,
67.5,0,,,,
67.54,0,,,,
67.57,0,,,,
67.58,0,,,,
67.58,0,,,,
67.6,0,,,,
67.59,0,,,,
67.59,0,,,,
67.59,0,,,,
67.57,0,,,,
67.39,0,,,,
67.38,0,,,,
67.37,0,,,,
67.34,0,,,,
67.33,0,,,,
67.3,0,,,,
67.23,0,,,,
67.18,0,,,,
67.15,0,,,,
67.13,0,,,,
67.06,0,,,,
67,0,,,,
67,0,,,,
66.92,0,,,,
66.92,0,,,,
66.83,0,,,,
66.75,0,,,,
66.71,0,,,,
66.62,0,,,,
66.55,0,,,,
66.49,0,,,,
66.41,0,,,,
66.34,0,,,,
66.27,0,,,,
66.16,0,,,,
66.11,0,,,,
66.02,0,,,,
65.92,0,,,,
65.86,0,,,,
65.74,0,,,,
65.7,0,,,,
65.59,0,,,,
65.51,0,,,,
65.41,0,,,,
65.33,0,,,,
65.26,0,,,,
65.14,0.16,,,,
65.05,1.29,,,,
64.94,4.02,,,,
64.89,3.62,,,,
64.74,9.03,,,,
64.01,38.98,,,,
64.54,0,,,,
64.49,12.55,,,,
64.34,18.37,,,,
64.29,17.47,,,,
63.62,47.09,,,,
64.11,8.62,,,,
63.99,26.6,,,,
63.93,26.84,,,,
63.8,32.04,,,,
63.04,63.59,,,,
63.68,16.98,,,,
63.57,38.46,,,,
62.81,71.01,,,,
63.39,26.45,,,,
63.38,42.58,,,,
62.63,77.09,,,,
63.21,32.87,,,,
63.25,46.88,,,,
62.48,83.57,,,,
63.13,35.8,,,,
63.17,51.4,,,,
62.44,86.8,,,,
63.07,40.55,,,,
62.66,76.52,,,,
62.79,60.99,,,,
63.08,52.43,,,,
63.17,56.48,,,,
63.2,58.62,,,,
62.66,84.4,,,,
62.87,62.91,,,,
63.23,52.54,,,,
63.37,56.16,,,,
63.4,59.26,,,,
63.52,54.86,,,,
62.84,89.99,,,,
63.63,38.1,,,,
63.75,52.75,,,,
63.14,84.3,,,,
63.95,33.29,,,,
64.08,48.18,,,,
63.41,81.92,,,,
64.3,25.68,,,,
64.43,42.61,,,,
63.78,75.54,,,,
64.68,19.01,,,,
64.81,35.74,,,,
64.15,68.93,,,,
65.09,10.51,,,,
65.23,27.45,,,,
64.57,60.84,,,,
65.52,1.06,,,,
65.69,17.18,,,,
65.79,16.37,,,,
65.93,11.85,,,,
65.56,32.17,,,,
66.2,0,,,,
66.32,3.11,,,,
66.45,0,,,,
66.55,0,,,,
66.66,0,,,,
66.76,0,,,,
66.88,0,,,,
66.96,0,,,,
67.05,0,,,,
67.08,0,,,,
67.16,0,,,,
67.2,0,,,,
67.25,0,,,,
67.33,0,,,,
67.36,0,,,,
67.4,0,,,,
67.44,0,,,,
67.47,0,,,,
67.49,0,,,,
67.51,0,,,,
67.54,0,,,,
67.55,0,,,,
67.55,0,,,,
67.52,0,,,,
67.51,0,,,,
67.48,0,,,,
67.46,0,,,,
67.45,0,,,,
67.39,0,,,,
67.38,0,,,,
67.36,0,,,,
67.36,0,,,,
67.28,0,,,,
67.23,0,,,,
67.2,0,,,,
67.16,0,,,,
67.1,0,,,,
67.02,0,,,,
66.97,0,,,,
66.97,0,,,,
66.92,0,,,,
66.86,0,,,,
66.78,0,,,,
66.73,0,,,,
66.63,0,,,,
66.57,0,,,,
66.5,0,,,,
66.43,0,,,,
66.34,0,,,,
66.29,0,,,,
66.15,0,,,,
66.11,0,,,,
66.01,0,,,,
65.93,0,,,,
65.86,0,,,,
65.74,0,,,,
65.69,0,,,,
65.58,0,,,,
65.5,0,,,,
65.39,0,,,,
65.32,0,,,,
65.23,0,,,,
65.12,0.44,,,,
65.05,0.87,,,,
64.93,4.28,,,,
64.86,4.5,,,,
64.75,8.27,,,,
63.95,41.55,,,,
64.54,0,,,,
64.46,13.84,,,,
64.34,17.74,,,,
64.26,18.94,,,,
63.55,49.16,,,,
64.07,8.95,,,,
63.99,25.93,,,,
63.91,27.74,,,,
63.79,32.22,,,,
63.01,64.81,,,,
63.63,18.46,,,,
63.56,37.67,,,,
62.79,71.77,,,,
63.36,27.47,,,,
63.38,42.12,,,,
62.6,78.64,,,,
63.2,32.86,,,,
63.22,48.02,,,,
63.18,51.26,,,,
63.16,51.99,,,,
62.68,74.37,,,,
62.79,58.24,,,,
63.06,50.32,,,,
63.1,55.96,,,,
63.1,57.6,,,,
62.58,82.65,,,,
62.75,62.95,,,,
63.1,52.19,,,,
62.48,90.3,,,,
63.2,43.46,,,,
63.3,57.79,,,,
62.62,92.06,,,,
63.35,42.69,,,,
63.46,57.12,,,,
62.82,89.78,,,,
63.6,39.16,,,,
63.74,53.02,,,,
63.11,85.98,,,,
63.93,33.94,,,,
64.05,49.29,,,,
63.4,82.57,,,,
64.28,26.57,,,,
64.4,44.03,,,,
63.77,75.61,,,,
64.64,21.11,,,,
64.79,36.37,,,,
64.19,67.29,,,,
65.07,12.8,,,,
65.19,28.93,,,,
64.56,60.77,,,,
65.47,3.7,,,,
65.59,21.14,,,,
65.74,16.68,,,,
65.9,12.94,,,,
65.38,39.77,,,,
66.14,0,,,,
66.29,4.04,,,,
66.39,2.4,,,,
66.53,0,,,,
66.62,0,,,,
66.75,0,,,,
66.83,0,,,,
66.94,0,,,,
67.02,0,,,,
67.05,0,,,,
67.14,0,,,,
67.2,0,,,,
67.27,0,,,,
67.35,0,,,,
67.39,0,,,,
67.41,0,,,,
67.47,0,,,,
67.5,0,,,,
67.56,0,,,,
67.55,0,,,,
67.58,0,,,,
67.57,0,,,,
67.59,0,,,,
67.58,0,,,,
67.59,0,,,,
67.57,0,,,,
67.55,0,,,,
67.53,0,,,,
67.52,0,,,,
67.48,0,,,,
67.43,0,,,,
67.39,0,,,,
67.37,0,,,,
67.34,0,,,,
67.29,0,,,,
67.23,0,,,,
67.18,0,,,,
67.14,0,,,,
67.08,0,,,,
67.01,0,,,,
66.97,0,,,,
66.95,0,,,,
66.91,0,,,,
66.84,0,,,,
66.76,0,,,,
66.72,0,,,,
66.61,0,,,,
66.54,0,,,,
66.48,0,,,,
66.37,0,,,,
66.33,0,,,,
66.22,0,,,,
66.14,0,,,,
66.09,0,,,,
65.99,0,,,,
65.9,0,,,,
65.79,0,,,,
65.72,0,,,,
65.65,0,,,,
65.54,0,,,,
65.47,0,,,,
65.34,0,,,,
65.28,0,,,,
65.18,0,,,,
65.1,0,,,,
64.99,2.79,,,,
64.92,3.72,,,,
64.79,7.35,,,,
64.7,8.69,,,,
64.58,11.65,,,,
63.89,40.42,,,,
64.39,1.02,,,,
64.32,17.34,,,,
64.11,24.9,,,,
64.11,20.31,,,,
63.39,53.81,,,,
63.93,11.63,,,,
63.83,30.34,,,,
63.01,65.84,,,,
63.68,16.01,,,,
63.58,37.81,,,,
63.5,39.68,,,,
63.44,41.2,,,,
62.95,62.73,,,,
63.08,45.55,,,,
63.24,42.61,,,,
63.21,48.81,,,,
63.19,49.64,,,,
62.7,72.62,,,,
62.81,56.53,,,,
63.02,50.63,,,,
63.07,54.73,,,,
62.38,88.35,,,,
63.01,43.34,,,,
63.05,58.59,,,,
62.36,91.92,,,,
63.04,44.89,,,,
63.15,57.99,,,,
62.44,94.16,,,,
63.19,43.51,,,,
63.29,58.5,,,,
62.62,92.19,,,,
63.36,43.35,,,,
63.47,57.34,,,,
62.85,89.02,,,,
63.6,40.9,,,,
63.74,53.73,,,,
63.12,85.83,,,,
63.96,33.53,,,,
64.06,50.14,,,,
63.42,82.26,,,,
64.32,26.23,,,,
64.44,43.35,,,,
63.78,76.98,,,,
64.69,19.34,,,,
64.79,37.9,,,,
64.16,69.06,,,,
65.11,10.58,,,,
65.25,27.9,,,,
64.56,62.91,,,,
65.52,2.06,,,,
65.68,18.28,,,,
65.79,17.1,,,,
65.92,13.71,,,,
65.53,33.89,,,,
66.21,0,,,,
66.35,3.22,,,,
66.48,0.04,,,,
66.58,0,,,,
66.72,0,,,,
66.83,0,,,,
66.95,0,,,,
67.03,0,,,,
67.06,0,,,,
67.16,0,,,,
67.23,0,,,,
67.31,0,,,,
67.37,0,,,,
67.41,0,,,,
67.47,0,,,,
67.53,0,,,,
67.57,0,,,,
67.59,0,,,,
67.58,0,,,,
67.59,0,,,,
67.63,0,,,,
67.64,0,,,,
67.65,0,,,,
67.64,0,,,,
67.63,0,,,,
67.64,0,,,,
67.61,0,,,,
67.6,0,,,,
67.58,0,,,,
67.56,0,,,,
67.54,0,,,,
67.49,0,,,,
67.42,0,,,,
67.38,0,,,,
67.35,0,,,,
67.31,0,,,,
67.22,0,,,,
67.2,0,,,,
67.16,0,,,,
67.09,0,,,,
67.01,0,,,,
66.96,0,,,,
66.95,0,,,,
66.87,0,,,,
66.81,0,,,,
66.75,0,,,,
66.68,0,,,,
66.56,0,,,,
66.54,0,,,,
66.46,0,,,,
66.33,0,,,,
66.29,0,,,,
66.21,0,,,,
66.1,0,,,,
66.01,0,,,,
65.92,0,,,,
65.84,0,,,,
65.74,0,,,,
65.66,0,,,,
65.55,0,,,,
65.49,0,,,,
65.37,0,,,,
65.3,0,,,,
65.19,0,,,,
65.11,0.08,,,,
65.01,2,,,,
64.92,4.21,,,,
64.15,36.82,,,,
64.71,0,,,,
64.61,11.1,,,,
64.52,12.76,,,,
64.4,16.53,,,,
63.68,46.34,,,,
64.09,10.38,,,,
64.1,20.57,,,,
64.01,25.7,,,,
63.93,27.29,,,,
63.46,47.1,,,,
63.71,25.13,,,,
63.67,33.61,,,,
63.57,37.83,,,,
63.52,38.31,,,,
63,61.33,,,,
63.39,31.94,,,,
63.31,45.96,,,,
62.55,79.16,,,,
63.17,33.34,,,,
63.18,49.39,,,,
62.45,83.88,,,,
63.03,40.26,,,,
63.04,55.32,,,,
62.34,88.67,,,,
63,42.33,,,,
63,59.84,,,,
62.9,65.09,,,,
63,59.21,,,,
62.41,89.93,,,,
63.05,47.04,,,,
63.18,58.1,,,,
62.46,95.01,,,,
63.19,45.08,,,,
63.33,57.72,,,,
62.63,94.15,,,,
63.39,43.15,,,,
63.55,55.71,,,,
62.89,90.59,,,,
63.68,39.18,,,,
63.81,53.65,,,,
63.2,85.14,,,,
64.03,33.24,,,,
64.15,48.59,,,,
63.53,80.46,,,,
64.39,26.46,,,,
64.53,41.91,,,,
63.93,73.35,,,,
64.82,17.94,,,,
64.94,35.02,,,,
64.33,65.85,,,,
65.23,10.04,,,,
65.35,26.56,,,,
64.73,57.92,,,,
65.65,0.42,,,,
65.78,17.31,,,,
65.86,16.65,,,,
66.1,7.39,,,,
64.24,97.17,,,,
66.33,0,,,,
66.48,0.62,,,,
66.57,0.04,,,,
66.72,0,,,,
66.82,0,,,,
66.96,0,,,,
67.06,0,,,,
67.11,0,,,,
67.19,0,,,,
67.29,0,,,,
67.38,0,,,,
67.44,0,,,,
67.54,0,,,,
67.59,0,,,,
67.65,0,,,,
67.7,0,,,,
67.77,0,,,,
67.8,0,,,,
67.8,0,,,,
67.82,0,,,,
67.84,0,,,,
67.82,0,,,,
67.87,0,,,,
67.82,0,,,,
67.87,0,,,,
67.85,0,,,,
67.84,0,,,,
67.83,0,,,,
67.81,0,,,,
67.79,0,,,,
67.79,0,,,,
67.75,0,,,,
67.71,0,,,,
67.65,0,,,,
67.62,0,,,,
67.58,0,,,,
67.54,0,,,,
67.46,0,,,,
67.42,0,,,,
67.38,0,,,,
67.32,0,,,,
67.24,0,,,,
67.17,0,,,,
67.14,0,,,,
67.06,0,,,,
66.97,0,,,,
66.96,0,,,,
66.93,0,,,,
66.8,0,,,,
66.74,0,,,,
66.65,0,,,,
66.56,0,,,,
66.52,0,,,,
66.4,0,,,,
66.32,0,,,,
66.27,0,,,,
66.16,0,,,,
66.08,0,,,,
65.96,0,,,,
65.91,0,,,,
65.77,0,,,,
65.72,0,,,,
65.6,0,,,,
65.52,0,,,,
65.43,0,,,,
65.32,0,,,,
65.24,0,,,,
65.13,0.28,,,,
65.04,1.42,,,,
64.93,4.09,,,,
64.84,5.58,,,,
64.73,8.23,,,,
64.31,24.91,,,,
64.54,4.23,,,,
64.42,15.72,,,,
63.58,51.19,,,,
64.2,2.6,,,,
64.12,22.25,,,,
64.04,24.52,,,,
63.93,27.96,,,,
63.17,60.14,,,,
63.75,15.9,,,,
63.67,34.42,,,,
62.85,70.24,,,,
63.43,24.61,,,,
63.4,41.42,,,,
62.64,75.8,,,,
63.25,30.5,,,,
63.23,47.55,,,,
62.47,82.3,,,,
63.08,36.89,,,,
63.1,51.91,,,,
62.38,86.32,,,,
63,41.57,,,,
63,57.97,,,,
62.12,99.18,,,,
63,38.32,,,,
63,61.24,,,,
62.33,92.88,,,,
63.03,45.86,,,,
63.13,59.59,,,,
62.45,94.04,,,,
63.18,45.08,,,,
63.27,59.96,,,,
62.62,92.77,,,,
63.37,43.46,,,,
63.48,58.09,,,,
62.83,91.2,,,,
63.59,41.4,,,,
63.76,53.48,,,,
63.16,85.4,,,,
63.97,34.73,,,,
64.12,48.56,,,,
63.47,82.38,,,,
64.34,27.2,,,,
64.51,41.7,,,,
63.84,76.42,,,,
64.73,20.08,,,,
64.9,34.45,,,,
64.26,68.05,,,,
65.15,11.78,,,,
65.32,26.56,,,,
64.72,57.73,,,,
65.59,3.43,,,,
66.04,4.16,,,,
65.9,21.49,,,,
66.03,11.36,,,,
66.15,8.99,,,,
66.31,3.62,,,,
66.45,0.98,,,,
66.56,0,,,,
66.66,0,,,,
66.78,0,,,,
66.92,0,,,,
66.97,0,,,,
67.08,0,,,,
67.12,0,,,,
67.19,0,,,,
67.28,0,,,,
67.35,0,,,,
67.41,0,,,,
67.41,0,,,,
67.49,0,,,,
67.54,0,,,,
67.57,0,,,,
67.58,0,,,,
67.6,0,,,,
67.59,0,,,,
67.59,0,,,,
67.6,0,,,,
67.61,0,,,,
67.61,0,,,,
67.6,0,,,,
67.59,0,,,,
67.58,0,,,,
67.57,0,,,,
67.53,0,,,,
67.48,0,,,,
67.44,0,,,,
67.4,0,,,,
67.38,0,,,,
67.34,0,,,,
67.3,0,,,,
67.21,0,,,,
67.18,0,,,,
67.13,0,,,,
67.07,0,,,,
66.98,0,,,,
66.97,0,,,,
66.93,0,,,,
66.89,0,,,,
66.79,0,,,,
66.73,0,,,,
66.64,0,,,,
66.57,0,,,,
66.51,0,,,,
66.42,0,,,,
66.36,0,,,,
66.27,0,,,,
66.18,0,,,,
66.11,0,,,,
66.03,0,,,,
65.92,0,,,,
65.87,0,,,,
65.73,0,,,,
65.7,0,,,,
65.56,0,,,,
65.5,0,,,,
65.38,0,,,,
65.3,0,,,,
65.21,0,,,,
65.12,0,,,,
65.02,2.04,,,,
64.93,3.69,,,,
65.26,0,,,,
64.72,19.44,,,,
64.14,32.17,,,,
64.53,0.31,,,,
64.41,16.22,,,,
64.18,23.54,,,,
64.24,15.5,,,,
63.57,47.84,,,,
64.02,11.46,,,,
63.95,26.48,,,,
63.17,60.65,,,,
63.75,15.5,,,,
63.7,33.16,,,,
62.89,69.23,,,,
63.47,23.72,,,,
63.46,39.49,,,,
62.67,75.99,,,,
63.27,29.96,,,,
63.29,45.03,,,,
62.51,81.69,,,,
63.16,34.18,,,,
63.16,51.22,,,,
62.41,86.01,,,,
63.04,40.12,,,,
63.1,53.9,,,,
62.36,90.26,,,,
63.03,42.42,,,,
63.12,56.11,,,,
62.42,91.12,,,,
63.1,43.95,,,,
63.19,57.98,,,,
62.49,93.1,,,,
63.21,43.84,,,,
63.35,56.64,,,,
62.67,91.7,,,,
63.4,42.67,,,,
63.54,55.18,,,,
62.9,88.82,,,,
63.68,38.04,,,,
63.83,51.89,,,,
63.19,84.88,,,,
64.03,31.97,,,,
64.16,47.16,,,,
63.54,79.23,,,,
64.38,26.09,,,,
64.53,40.54,,,,
63.91,72.97,,,,
64.76,19.35,,,,
64.6,47.98,,,,
64.95,27.86,,,,
65.18,26.54,,,,
65.31,26.3,,,,
65.44,23.5,,,,
65.21,36.86,,,,
65.69,9.33,,,,
65.87,12.44,,,,
66,11.11,,,,
65.5,36.32,,,,
66.26,0,,,,
66.35,3.12,,,,
66.51,0,,,,
66.6,0,,,,
66.72,0,,,,
66.84,0,,,,
66.93,0,,,,
66.99,0,,,,
67.11,0,,,,
67.13,0,,,,
67.19,0,,,,
67.27,0,,,,
67.34,0,,,,
67.38,0,,,,
67.41,0,,,,
67.45,0,,,,
67.48,0,,,,
67.52,0,,,,
67.55,0,,,,
67.56,0,,,,
67.57,0,,,,
67.56,0,,,,
67.58,0,,,,
67.58,0,,,,
67.56,0,,,,
67.53,0,,,,
67.52,0,,,,
67.5,0,,,,
67.46,0,,,,
67.42,0,,,,
67.39,0,,,,
67.37,0,,,,
67.35,0,,,,
67.28,0,,,,
67.2,0,,,,
67.18,0,,,,
67.15,0,,,,
67.08,0,,,,
67,0,,,,
66.96,0,,,,
66.95,0,,,,
66.91,0,,,,
66.84,0,,,,
66.75,0,,,,
66.7,0,,,,
66.6,0,,,,
66.54,0,,,,
66.48,0,,,,
66.38,0,,,,
66.33,0,,,,
66.23,0,,,,
66.13,0,,,,
66.09,0,,,,
65.98,0,,,,
65.91,0,,,,
65.8,0,,,,
65.72,0,,,,
65.62,0,,,,
65.53,0,,,,
65.45,0,,,,
65.34,0,,,,
65.28,0,,,,
65.15,0.02,,,,
65.09,0,,,,
64.97,3.67,,,,
64.91,3.49,,,,
64.79,7.52,,,,
64.72,7.62,,,,
64.59,11.8,,,,
63.89,40.97,,,,
64.39,1.02,,,,
64.33,16.72,,,,
64.13,24.5,,,,
64.12,20.34,,,,
63.41,53.14,,,,
63.92,12.62,,,,
63.83,30.22,,,,
63.01,65.57,,,,
63.67,16.44,,,,
63.59,37.1,,,,
62.8,71.77,,,,
63.38,26.64,,,,
63.38,42.16,,,,
62.63,76.95,,,,
63.21,32.9,,,,
63.22,48.03,,,,
62.46,83.7,,,,
63.11,36.33,,,,
63.11,53.56,,,,
62.39,87.15,,,,
63.02,41.96,,,,
63.09,55.23,,,,
62.38,90.53,,,,
63.03,44.43,,,,
63.13,57.22,,,,
62.44,91.92,,,,
63.14,43.98,,,,
63.21,59.59,,,,
62.56,91.46,,,,
63.3,42.87,,,,
63.39,58.09,,,,
62.76,89.68,,,,
63.51,41.1,,,,
63.63,55.17,,,,
63,87.34,,,,
63.82,35.43,,,,
63.96,50.36,,,,
64.05,49.86,,,,
64.15,48.35,,,,
63.73,70.08,,,,
64.12,42.67,,,,
64.52,34.6,,,,
64.66,38.79,,,,
64.78,36.74,,,,
64.45,54.88,,,,
64.92,25.49,,,,
65.19,24.85,,,,
64.56,60.35,,,,
65.46,3.83,,,,
65.59,20.42,,,,
65.64,20.86,,,,
65.86,11.53,,,,
65.45,35.51,,,,
66.13,0,,,,
66.24,5.7,,,,
66.36,2.32,,,,
66.5,0,,,,
66.57,0,,,,
66.72,0,,,,
66.8,0,,,,
66.87,0,,,,
66.97,0,,,,
67.06,0,,,,
67.07,0,,,,
67.15,0,,,,
67.21,0,,,,
67.24,0,,,,
67.33,0,,,,
67.36,0,,,,
67.38,0,,,,
67.4,0,,,,
67.42,0,,,,
67.47,0,,,,
67.48,0,,,,
67.48,0,,,,
67.49,0,,,,
67.48,0,,,,
67.46,0,,,,
67.45,0,,,,
67.43,0,,,,
67.41,0,,,,
67.4,0,,,,
67.38,0,,,,
67.35,0,,,,
67.32,0,,,,
67.25,0,,,,
67.19,0,,,,
67.17,0,,,,
67.14,0,,,,
67.08,0,,,,
67,0,,,,
66.96,0,,,,
66.97,0,,,,
66.95,0,,,,
66.87,0,,,,
66.78,0,,,,
66.74,0,,,,
66.64,0,,,,
66.56,0,,,,
66.53,0,,,,
66.44,0,,,,
66.35,0,,,,
66.29,0,,,,
66.19,0,,,,
66.12,0,,,,
66.06,0,,,,
65.95,0,,,,
65.87,0,,,,
65.78,0,,,,
65.71,0,,,,
65.61,0,,,,
65.51,0,,,,
65.43,0,,,,
65.33,0,,,,
65.27,0,,,,
65.13,0.72,,,,
65.09,0,,,,
64.97,3.29,,,,
64.9,4.13,,,,
64.77,7.95,,,,
62.51,107.59,,,,
64.53,0,,,,
64.51,12.1,,,,
64.38,17.89,,,,
64.32,17.54,,,,
63.64,47.42,,,,
64.11,9.58,,,,
64.01,26.39,,,,
63.95,27.18,,,,
63.88,29.66,,,,
63.16,60.8,,,,
63.72,18.34,,,,
63.66,35.78,,,,
62.88,70.63,,,,
63.51,23.29,,,,
63.51,40.02,,,,
62.75,74.87,,,,
63.36,29.39,,,,
63.39,44.29,,,,
62.63,80.35,,,,
63.3,32.23,,,,
63.34,47.84,,,,
62.61,82.9,,,,
63.26,36.1,,,,
63.32,50.57,,,,
62.62,85.09,,,,
63.28,38.32,,,,
63.35,52.56,,,,
62.66,86.53,,,,
63.36,38.6,,,,
63.45,52.96,,,,
62.8,85.49,,,,
63.53,37.31,,,,
63.64,51,,,,
62.99,84.1,,,,
63.39,50.87,,,,
63.85,40.41,,,,
63.96,47.88,,,,
64.01,48.37,,,,
63.57,70.52,,,,
63.98,41.67,,,,
64.33,36.13,,,,
64.42,41.47,,,,
64.53,38.93,,,,
64.2,56.77,,,,
64.76,23.6,,,,
64.9,31.21,,,,
64.23,65.09,,,,
65.12,8.46,,,,
65.22,26.24,,,,
65.23,27.79,,,,
65.47,17.33,,,,
65,44.24,,,,
65.71,0.51,,,,
65.81,12.98,,,,
65.84,14.1,,,,
66.05,4.47,,,,
65.25,45.71,,,,
66.28,0,,,,
66.36,0.4,,,,
66.44,0,,,,
66.53,0,,,,
66.6,0,,,,
66.71,0,,,,
66.79,0,,,,
66.88,0,,,,
66.94,0,,,,
66.98,0,,,,
67.02,0,,,,
67.02,0,,,,
67.05,0,,,,
67.09,0,,,,
67.13,0,,,,
67.13,0,,,,
67.15,0,,,,
67.17,0,,,,
67.17,0,,,,
67.17,0,,,,
67.17,0,,,,
67.17,0,,,,
67.15,0,,,,
67.14,0,,,,
67.13,0,,,,
67.09,0,,,,
67.08,0,,,,
67.01,0,,,,
66.98,0,,,,
67.02,0,,,,
66.93,0,,,,
66.94,0,,,,
66.89,0,,,,
66.82,0,,,,
66.76,0,,,,
66.73,0,,,,
66.66,0,,,,
66.6,0,,,,
66.54,0,,,,
66.5,0,,,,
66.42,0,,,,
66.35,0,,,,
66.3,0,,,,
66.21,0,,,,
66.13,0,,,,
66.06,0,,,,
65.99,0,,,,
65.91,0,,,,
65.82,0,,,,
65.74,0,,,,
65.65,0,,,,
65.55,0,,,,
65.47,0,,,,
65.37,0,,,,
65.31,0,,,,
65.21,0,,,,
65.13,0,,,,
65.04,1.62,,,,
65.14,0,,,,
64.87,9.26,,,,
64.25,31,,,,
64.68,0,,,,
64.57,12.18,,,,
64.49,13.38,,,,
64.39,16.02,,,,
63.68,46.34,,,,
64.19,5.73,,,,
64.11,22.54,,,,
63.9,30.86,,,,
63.92,25.14,,,,
63.24,56.99,,,,
63.78,16.22,,,,
63.69,34.75,,,,
62.88,69.6,,,,
63.48,23.33,,,,
63.45,40.43,,,,
62.66,76.45,,,,
63.3,28.55,,,,
63.3,45.49,,,,
62.53,81.35,,,,
63.16,34.68,,,,
63.18,50.49,,,,
62.44,85.59,,,,
63.07,39.58,,,,
63.15,52.76,,,,
62.42,88.84,,,,
63.09,41.78,,,,
63.16,55.86,,,,
62.46,90.69,,,,
63.15,42.68,,,,
63.21,58.44,,,,
62.55,90.63,,,,
63.29,42.12,,,,
63.38,56.81,,,,
62.72,90.44,,,,
63.09,57.91,,,,
63.59,45.5,,,,
63.69,54.17,,,,
63.75,54.69,,,,
63.3,76.81,,,,
63.66,50.23,,,,
64.08,40.88,,,,
64.18,47.4,,,,
64.32,44.05,,,,
64.43,42.47,,,,
63.78,75.55,,,,
64.68,18.47,,,,
64.79,36.48,,,,
64.15,68.54,,,,
65.06,11.34,,,,
65.18,28.7,,,,
64.55,60.15,,,,
65.43,4.85,,,,
65.57,19.76,,,,
65.58,22.82,,,,
65.84,11.14,,,,
65.43,35.45,,,,
66.09,0,,,,
66.19,6.6,,,,
66.32,2.48,,,,
66.41,0.98,,,,
66.54,0,,,,
66.65,0,,,,
66.73,0,,,,
66.83,0,,,,
66.93,0,,,,
67,0,,,,
67.02,0,,,,
67.11,0,,,,
67.17,0,,,,
67.2,0,,,,
67.26,0,,,,
67.32,0,,,,
67.36,0,,,,
67.38,0,,,,
67.38,0,,,,
67.39,0,,,,
67.41,0,,,,
67.43,0,,,,
67.41,0,,,,
67.41,0,,,,
67.4,0,,,,
67.41,0,,,,
67.39,0,,,,
67.36,0,,,,
67.34,0,,,,
67.33,0,,,,
67.3,0,,,,
67.24,0,,,,
67.2,0,,,,
67.17,0,,,,
67.14,0,,,,
67.07,0,,,,
67,0,,,,
66.96,0,,,,
66.95,0,,,,
66.93,0,,,,
66.87,0,,,,
66.8,0,,,,
66.75,0,,,,
66.69,0,,,,
66.59,0,,,,
66.53,0,,,,
66.45,0,,,,
66.39,0,,,,
66.31,0,,,,
66.24,0,,,,
66.15,0,,,,
66.08,0,,,,
65.97,0,,,,
65.89,0,,,,
65.77,0,,,,
65.71,0,,,,
65.63,0,,,,
65.54,0,,,,
65.46,0,,,,
65.34,0,,,,
65.29,0,,,,
65.2,0,,,,
65.1,0.45,,,,
65,2.61,,,,
64.48,23.83,,,,
64.8,0,,,,
64.72,8.2,,,,
64.62,10.57,,,,
64.52,13.21,,,,
63.88,39.71,,,,
64.32,4.35,,,,
64.21,20.64,,,,
64.12,22.55,,,,
64.03,24.7,,,,
63.31,55.78,,,,
63.88,12.78,,,,
63.78,32.06,,,,
62.99,66.17,,,,
63.56,21.3,,,,
63.52,38.09,,,,
62.75,73.28,,,,
63.36,27.14,,,,
63.35,43.42,,,,
62.59,78.87,,,,
63.2,33.48,,,,
63.2,49.33,,,,
62.45,84.4,,,,
63.07,38.86,,,,
63.08,54.58,,,,
62.37,88.37,,,,
63.01,42.64,,,,
63.07,56.78,,,,
62.38,90.96,,,,
63.05,44.31,,,,
63.15,57.82,,,,
63.18,59.72,,,,
63.18,61.04,,,,
62.72,83.07,,,,
62.96,62.02,,,,
63.28,54.21,,,,
63.41,57.13,,,,
63.5,57.26,,,,
63.04,81.13,,,,
63.37,55.52,,,,
63.74,47.84,,,,
63.13,85.46,,,,
63.95,33.95,,,,
64.07,49.47,,,,
63.43,82.15,,,,
64.32,26.02,,,,
64.45,42.96,,,,
63.77,77.56,,,,
64.69,19.1,,,,
64.76,39.1,,,,
64.18,67.63,,,,
65.08,12.2,,,,
65.19,29.73,,,,
64.56,61.17,,,,
65.46,4.65,,,,
65.58,21.42,,,,
65.73,17.54,,,,
65.88,13.98,,,,
65.46,36.22,,,,
66.12,0,,,,
66.25,5.42,,,,
66.35,3.68,,,,
66.51,0,,,,
66.59,0,,,,
66.74,0,,,,
66.86,0,,,,
66.95,0,,,,
67,0,,,,
67.09,0,,,,
67.13,0,,,,
67.17,0,,,,
67.22,0,,,,
67.29,0,,,,
67.35,0,,,,
67.37,0,,,,
67.39,0,,,,
67.42,0,,,,
67.45,0,,,,
67.47,0,,,,
67.51,0,,,,
67.51,0,,,,
67.47,0,,,,
67.47,0,,,,
67.46,0,,,,
67.44,0,,,,
67.44,0,,,,
67.41,0,,,,
67.39,0,,,,
67.38,0,,,,
67.36,0,,,,
67.32,0,,,,
67.27,0,,,,
67.21,0,,,,
67.16,0,,,,
67.15,0,,,,
67.07,0,,,,
67,0,,,,
66.96,0,,,,
66.95,0,,,,
66.92,0,,,,
66.83,0,,,,
66.75,0,,,,
66.69,0,,,,
66.6,0,,,,
66.54,0,,,,
66.5,0,,,,
66.41,0,,,,
66.27,0,,,,
66.16,0,,,,
66.08,0,,,,
66.01,0,,,,
65.9,0,,,,
65.86,0,,,,
65.73,0,,,,
65.68,0,,,,
65.57,0,,,,
65.49,0,,,,
65.4,0,,,,
65.31,0,,,,
65.21,0,,,,
65.13,0,,,,
65.03,1.88,,,,
64.97,2.27,,,,
64.48,22.88,,,,
64.77,0,,,,
64.67,9.59,,,,
64.58,11.4,,,,
64.52,12.21,,,,
63.8,43.62,,,,
64.3,3.42,,,,
64.15,23.18,,,,
64.09,22.47,,,,
64,25.68,,,,
63.24,58.37,,,,
63.79,15.23,,,,
63.73,32.56,,,,
62.94,67.52,,,,
63.52,22.4,,,,
63.49,38.68,,,,
62.69,75.25,,,,
63.3,28.81,,,,
63.29,45.51,,,,
62.54,79.81,,,,
63.14,35.32,,,,
63.16,50.31,,,,
62.43,84.73,,,,
63.05,39.79,,,,
63.08,54.83,,,,
62.36,89.33,,,,
62.71,56.66,,,,
63.01,52.84,,,,
63.07,58.65,,,,
63.09,60.26,,,,
62.53,87.28,,,,
62.82,61.29,,,,
63.16,54.11,,,,
63.26,59.1,,,,
63.31,59.84,,,,
63.06,73.57,,,,
63.41,52.29,,,,
63.49,58.4,,,,
62.86,89.64,,,,
63.63,39.84,,,,
63.77,53.41,,,,
63.15,85.69,,,,
63.97,33.95,,,,
64.12,48.24,,,,
63.47,81.79,,,,
64.34,27.06,,,,
64.47,42.97,,,,
63.84,75.06,,,,
64.73,19.69,,,,
64.88,35.15,,,,
64.2,69.56,,,,
65.11,11.72,,,,
65.29,26.44,,,,
64.68,58.43,,,,
65.52,5.01,,,,
65.68,18.48,,,,
65.8,17.01,,,,
65.93,13.16,,,,
65.49,36.39,,,,
66.19,0,,,,
66.34,3.49,,,,
66.46,0.6,,,,
66.55,0,,,,
66.7,0,,,,
66.78,0,,,,
66.91,0,,,,
66.98,0,,,,
67.06,0,,,,
67.12,0,,,,
67.18,0,,,,
67.27,0,,,,
67.32,0,,,,
67.38,0,,,,
67.41,0,,,,
67.46,0,,,,
67.51,0,,,,
67.57,0,,,,
67.57,0,,,,
67.58,0,,,,
67.59,0,,,,
67.61,0,,,,
67.6,0,,,,
67.59,0,,,,
67.59,0,,,,
67.58,0,,,,
67.58,0,,,,
67.52,0,,,,
67.51,0,,,,
67.5,0,,,,
67.45,0,,,,
67.41,0,,,,
67.37,0,,,,
67.36,0,,,,
67.31,0,,,,
67.24,0,,,,
67.18,0,,,,
67.16,0,,,,
67.1,0,,,,
67,0,,,,
67.01,0,,,,
66.95,0,,,,
66.9,0,,,,
66.83,0,,,,
66.76,0,,,,
66.69,0,,,,
66.61,0,,,,
66.54,0,,,,
66.49,0,,,,
66.39,0,,,,
66.31,0,,,,
66.22,0,,,,
66.14,0,,,,
66.1,0,,,,
65.97,0,,,,
65.91,0,,,,
65.81,0,,,,
65.71,0,,,,
65.64,0,,,,
65.53,0,,,,
65.43,0,,,,
65.34,0,,,,
65.27,0,,,,
65.15,0,,,,
65.09,0,,,,
64.99,2.85,,,,
64.47,23.72,,,,
64.78,0,,,,
64.7,8.45,,,,
64.55,13.41,,,,
64.49,12.57,,,,
63.81,42.51,,,,
64.3,3.52,,,,
64.18,21.68,,,,
64.09,23.31,,,,
63.98,26.36,,,,
63.23,58.31,,,,
63.8,14.5,,,,
63.75,31.96,,,,
62.96,66.77,,,,
63.54,21.8,,,,
63.5,39.12,,,,
62.73,73.76,,,,
63.33,28.37,,,,
63.33,44.02,,,,
63.01,59.67,,,,
62.97,54.11,,,,
62.44,78.62,,,,
62.64,57.45,,,,
62.85,53.81,,,,
62.86,60.1,,,,
62.32,85.85,,,,
62.59,61.44,,,,
62.83,58.22,,,,
62.84,65.26,,,,
62.89,64.06,,,,
62.23,96.54,,,,
62.97,47.69,,,,
62.99,66.2,,,,
62.34,97.47,,,,
63.11,47.15,,,,
63.19,64.08,,,,
62.54,96.4,,,,
63.35,44.32,,,,
63.41,62.94,,,,
62.79,93.17,,,,
63.59,42.74,,,,
63.75,56.01,,,,
63.13,88.59,,,,
63.98,35.92,,,,
64.11,51.3,,,,
63.51,82.32,,,,
64.39,28.4,,,,
64.52,44.49,,,,
63.94,74.51,,,,
64.8,21.19,,,,
64.97,35.16,,,,
64.34,67.99,,,,
65.25,11.39,,,,
65.41,26.64,,,,
64.81,57.57,,,,
65.72,1.33,,,,
65.86,17.64,,,,
65.11,54.56,,,,
66.14,0,,,,
66.33,5.58,,,,
66.45,4.19,,,,
66.57,1,,,,
66.73,0,,,,
66.86,0,,,,
66.96,0,,,,
67.12,0,,,,
67.19,0,,,,
67.32,0,,,,
67.38,0,,,,
67.51,0,,,,
67.57,0,,,,
67.64,0,,,,
67.74,0,,,,
67.79,0,,,,
67.83,0,,,,
67.86,0,,,,
67.9,0,,,,
67.98,0,,,,
68,0,,,,
68.02,0,,,,
68.02,0,,,,
68.02,0,,,,
68.03,0,,,,
68.02,0,,,,
68.01,0,,,,
68.01,0,,,,
68,0,,,,
68.01,0,,,,
67.98,0,,,,
67.94,0,,,,
67.87,0,,,,
67.85,0,,,,
67.81,0,,,,
67.8,0,,,,
67.75,0,,,,
67.68,0,,,,
67.63,0,,,,
67.6,0,,,,
67.56,0,,,,
67.45,0,,,,
67.41,0,,,,
67.37,0,,,,
67.31,0,,,,
67.21,0,,,,
67.17,0,,,,
67.1,0,,,,
66.99,0,,,,
66.94,0,,,,
66.87,0,,,,
66.76,0,,,,
66.72,0,,,,
66.59,0,,,,
66.54,0,,,,
66.45,0,,,,
66.36,0,,,,
66.3,0,,,,
66.19,0,,,,
66.13,0,,,,
66,0,,,,
65.92,0,,,,
65.83,0,,,,
65.73,0,,,,
65.65,0,,,,
65.53,0,,,,
65.48,0,,,,
65.33,0,,,,
65.27,0,,,,
65.17,0,,,,
65.11,0,,,,
64.97,4.15,,,,
64.89,4.12,,,,
64.76,8.21,,,,
64.68,9.01,,,,
64.55,12.54,,,,
63.84,41.98,,,,
64.35,1.82,,,,
64.29,17.62,,,,
64.15,22.59,,,,
64.07,23.49,,,,
63.62,42.42,,,,
63.82,22.41,,,,
63.75,31.29,,,,
63.71,32.28,,,,
63.58,37.68,,,,
63.36,44.99,,,,
63.38,39.54,,,,
63.37,41.34,,,,
63.33,43.6,,,,
62.6,76.84,,,,
63.2,32.36,,,,
63.15,50.35,,,,
62.41,84.01,,,,
63.05,37.61,,,,
63.01,56.1,,,,
62.3,88.65,,,,
63,40.31,,,,
62.99,59.51,,,,
62.26,93.18,,,,
63,42.84,,,,
63,62.45,,,,
62.3,95.07,,,,
63.04,45.41,,,,
63.09,62.29,,,,
62.45,93.76,,,,
63.2,45.3,,,,
63.26,61.83,,,,
62.63,92.88,,,,
63.38,44.11,,,,
63.51,58.04,,,,
62.87,91.03,,,,
63.68,39.36,,,,
63.78,55.34,,,,
63.18,86.25,,,,
63.99,34.75,,,,
64.13,49.39,,,,
63.52,81.2,,,,
64.36,28.29,,,,
64.51,42.74,,,,
63.92,73.76,,,,
64.75,21.62,,,,
64.93,34.47,,,,
64.32,66.77,,,,
65.21,11.16,,,,
65.31,28.85,,,,
64.73,57.53,,,,
65.62,2.97,,,,
65.74,19.25,,,,
64.98,56.51,,,,
66.05,0,,,,
66.16,10.13,,,,
66.33,4.55,,,,
66.44,2.85,,,,
66.03,23.69,,,,
66.7,0,,,,
66.8,0,,,,
66.94,0,,,,
67.01,0,,,,
67.14,0,,,,
67.24,0,,,,
67.34,0,,,,
67.39,0,,,,
67.46,0,,,,
67.55,0,,,,
67.59,0,,,,
67.63,0,,,,
67.7,0,,,,
67.76,0,,,,
67.79,0,,,,
67.79,0,,,,
67.82,0,,,,
67.82,0,,,,
67.84,0,,,,
67.84,0,,,,
67.85,0,,,,
67.82,0,,,,
67.82,0,,,,
67.83,0,,,,
67.79,0,,,,
67.8,0,,,,
67.79,0,,,,
67.79,0,,,,
67.73,0,,,,
67.67,0,,,,
67.63,0,,,,
67.59,0,,,,
67.57,0,,,,
67.49,0,,,,
67.43,0,,,,
67.38,0,,,,
67.35,0,,,,
67.27,0,,,,
67.19,0,,,,
67.17,0,,,,
67.09,0,,,,
