500mA,,,,,,,,,,1000mA,,,,,,,,,,1500mA,,,,,,,,,,,,,,,
1,,,2,,,3,,,Average,1,,,2,,,3,,,Average,1,,,2,,,3,,,Average,,,Time,500mA,1000mA,1500mA
In,Out,In(20),In,Out,In(20),In,Out,In(20),,In,Out,In(20),In,Out,In(20),In,Out,In(20),,In,Out,In(20),In,Out,In(20),In,Out,In(20),,,,s,°C,°C,°C
21.71,20.95,20,23.73,23.64,20,19.48,18.06,20,20.00,20.09,21.63,20,19.77,19.09,20,20.44,19.86,20,20.00,19.96,19.53,20,20.18,19.82,20,20.42,19.81,20,20.00,,,1.5,20,20,20
21.73,20.94,20.02,23.64,22.72,19.91,19.31,18.04,19.83,19.92,20.11,21.26,20.02,19.78,19.01,20.01,20.45,19.88,20.01,20.01,19.99,19.52,20.03,20.19,19.8,20.01,20.43,19.85,20.01,20.02,,,3,19.92,20.01,20.01666667
21.73,20.94,20.02,23.64,22.69,19.91,19.21,18.04,19.73,19.89,20.17,20.94,20.08,19.78,19,20.01,20.45,19.88,20.01,20.01,20,19.45,20.04,20.21,19.79,20.03,20.44,19.88,20.02,20.03,,,4.5,19.88666667,20.01,20.03
21.73,20.94,20.02,23.64,22.63,19.91,19.14,18.04,19.66,19.86,20.22,20.76,20.13,19.79,19,20.02,20.48,19.85,20.04,20.03,20,19.45,20.04,20.24,19.74,20.06,20.47,19.88,20.05,20.05,,,6,19.86333333,20.03,20.05
21.73,20.94,20.02,23.64,22.63,19.91,19.09,18.04,19.61,19.85,20.27,20.62,20.18,19.8,19,20.03,20.49,19.88,20.05,20.04,20.01,19.51,20.05,20.26,19.71,20.08,20.5,19.88,20.08,20.07,,,7.5,19.84666667,20.04,20.07
21.73,20.94,20.02,23.64,22.63,19.91,19.07,18.04,19.59,19.84,20.35,20.51,20.26,19.82,19,20.05,20.5,19.88,20.06,20.06,20.03,19.53,20.07,20.26,19.71,20.08,20.52,19.88,20.1,20.08,,,9,19.84,20.055,20.08333333
21.73,20.94,20.02,23.64,22.62,19.91,19.07,18.04,19.59,19.84,20.4,20.5,20.31,19.82,19,20.05,20.51,19.88,20.07,20.06,20.06,19.53,20.1,20.28,19.71,20.1,20.53,19.88,20.11,20.10,,,10.5,19.84,20.06,20.10333333
21.73,20.94,20.02,23.64,22.54,19.91,19.06,18.04,19.58,19.84,20.45,20.58,20.36,19.83,19.08,20.06,20.52,19.88,20.08,20.07,20.09,19.62,20.13,20.32,19.75,20.14,20.56,19.88,20.14,20.14,,,12,19.83666667,20.07,20.13666667
21.73,20.94,20.02,23.64,22.55,19.91,19.06,18.04,19.58,19.84,20.52,20.59,20.43,19.83,19.09,20.06,20.52,19.88,20.08,20.07,20.09,19.62,20.13,20.34,19.79,20.16,20.6,19.97,20.18,20.16,,,13.5,19.83666667,20.07,20.15666667
21.74,20.94,20.03,23.64,22.57,19.91,19.07,18.04,19.59,19.84,20.6,20.64,20.51,19.83,19.11,20.06,20.53,19.88,20.09,20.08,20.12,19.71,20.16,20.36,19.79,20.18,20.61,19.97,20.19,20.18,,,15,19.84333333,20.075,20.17666667
21.74,20.94,20.03,23.64,22.53,19.91,19.08,18.04,19.6,19.85,20.63,20.59,20.54,19.84,19.11,20.07,20.55,19.88,20.11,20.09,20.16,19.71,20.2,20.39,19.87,20.21,20.67,19.97,20.25,20.22,,,16.5,19.84666667,20.09,20.22
21.76,20.94,20.05,23.64,22.53,19.91,19.09,18.04,19.61,19.86,20.7,20.59,20.61,19.87,19.11,20.1,20.6,19.88,20.16,20.13,20.18,19.73,20.22,20.43,19.88,20.25,20.69,20.06,20.27,20.25,,,18,19.85666667,20.13,20.24666667
21.79,20.94,20.08,23.64,22.55,19.91,19.1,18.04,19.62,19.87,20.77,20.67,20.68,19.88,19.11,20.11,20.6,19.88,20.16,20.14,20.2,19.79,20.24,20.44,19.89,20.26,20.73,20.06,20.31,20.27,,,19.5,19.87,20.135,20.27
21.8,20.94,20.09,23.64,22.59,19.91,19.13,18.04,19.65,19.88,20.81,20.67,20.72,19.89,19.12,20.12,20.61,19.88,20.17,20.15,20.25,19.8,20.29,20.48,19.97,20.3,20.78,20.14,20.36,20.32,,,21,19.88333333,20.145,20.31666667
21.81,20.94,20.1,23.64,22.62,19.91,19.06,18.04,19.58,19.86,20.87,20.66,20.78,19.91,19.18,20.14,20.62,19.88,20.18,20.16,20.26,19.88,20.3,20.52,19.98,20.34,20.79,20.22,20.37,20.34,,,22.5,19.86333333,20.16,20.33666667
21.82,20.96,20.11,23.64,22.62,19.91,19.08,18.04,19.6,19.87,20.94,20.66,20.85,19.91,19.18,20.14,20.65,19.9,20.21,20.18,20.28,19.88,20.32,20.55,20.06,20.37,20.86,20.23,20.44,20.38,,,24,19.87333333,20.175,20.37666667
21.82,20.99,20.11,23.64,22.62,19.91,19.13,18.05,19.65,19.89,20.99,20.64,20.9,19.92,19.2,20.15,20.69,19.96,20.25,20.20,20.35,19.88,20.39,20.6,20.15,20.42,20.87,20.24,20.45,20.42,,,25.5,19.89,20.2,20.42
21.82,21,20.11,23.64,22.62,19.91,19.14,18.12,19.66,19.89,21.04,20.67,20.95,19.92,19.21,20.15,20.69,19.97,20.25,20.20,20.35,19.94,20.39,20.62,20.22,20.44,20.93,20.32,20.51,20.45,,,27,19.89333333,20.2,20.44666667
21.82,21.02,20.11,23.64,22.62,19.91,19.14,18.17,19.66,19.89,21.11,20.76,21.02,19.93,19.22,20.16,20.7,19.98,20.26,20.21,20.43,19.97,20.47,20.69,20.32,20.51,20.96,20.4,20.54,20.51,,,28.5,19.89333333,20.21,20.50666667
21.82,21.02,20.11,23.64,22.62,19.91,19.15,18.21,19.67,19.90,21.17,20.76,21.08,19.95,19.27,20.18,20.74,20.03,20.3,20.24,20.44,20.06,20.48,20.71,20.31,20.53,21.02,20.44,20.6,20.54,,,30,19.89666667,20.24,20.53666667
21.82,21.03,20.11,23.64,22.62,19.91,19.15,18.21,19.67,19.90,21.21,20.85,21.12,20,19.27,20.23,20.77,20.06,20.33,20.28,20.52,20.14,20.56,20.77,20.32,20.59,21.05,20.54,20.63,20.59,,,31.5,19.89666667,20.28,20.59333333
21.82,21.03,20.11,23.64,22.62,19.91,19.17,18.2,19.69,19.90,21.3,20.94,21.21,20,19.33,20.23,20.78,20.12,20.34,20.29,20.55,20.16,20.59,20.82,20.32,20.64,21.12,20.59,20.7,20.64,,,33,19.90333333,20.285,20.64333333
21.84,21.03,20.13,23.64,22.62,19.91,19.2,18.17,19.72,19.92,21.35,20.94,21.26,20.01,19.44,20.24,20.8,20.15,20.36,20.30,20.61,20.3,20.65,20.87,20.41,20.69,21.16,20.67,20.74,20.69,,,34.5,19.92,20.3,20.69333333
21.84,21.03,20.13,23.64,22.65,19.91,19.22,18.13,19.74,19.93,21.39,20.94,21.3,20.02,19.44,20.25,20.84,20.15,20.4,20.33,20.68,20.41,20.72,20.9,20.5,20.72,21.21,20.76,20.79,20.74,,,36,19.92666667,20.325,20.74333333
21.88,21.03,20.17,23.64,22.65,19.91,19.23,18.15,19.75,19.94,21.46,21.03,21.37,20.03,19.53,20.26,20.87,20.15,20.43,20.35,20.72,20.49,20.76,20.95,20.5,20.77,21.28,20.83,20.86,20.80,,,37.5,19.94333333,20.345,20.79666667
21.89,21.03,20.18,23.64,22.66,19.91,19.23,18.18,19.75,19.95,21.5,21.15,21.41,20.07,19.53,20.3,20.87,20.16,20.43,20.37,20.78,20.58,20.82,21.03,20.66,20.85,21.32,20.87,20.9,20.86,,,39,19.94666667,20.365,20.85666667
21.9,21.08,20.19,23.64,22.69,19.91,19.23,18.2,19.75,19.95,21.56,21.2,21.47,20.08,19.53,20.31,20.88,20.23,20.44,20.38,20.83,20.65,20.87,21.05,20.76,20.87,21.38,20.94,20.96,20.90,,,40.5,19.95,20.375,20.9
21.9,21.1,20.19,23.64,22.7,19.91,19.23,18.19,19.75,19.95,21.63,21.24,21.54,20.09,19.53,20.32,20.95,20.23,20.51,20.42,20.87,20.67,20.91,21.12,20.8,20.94,21.45,21.02,21.03,20.96,,,42,19.95,20.415,20.96
21.9,21.08,20.19,23.64,22.7,19.91,19.23,18.21,19.75,19.95,21.66,21.3,21.57,20.11,19.53,20.34,20.95,20.23,20.51,20.43,20.95,20.68,20.99,21.19,20.85,21.01,21.49,21.08,21.07,21.02,,,43.5,19.95,20.425,21.02333333
21.9,21.04,20.19,23.64,22.71,19.91,19.3,18.21,19.82,19.97,21.73,21.29,21.64,20.15,19.6,20.38,20.99,20.23,20.55,20.47,21.03,20.76,21.07,21.24,20.87,21.06,21.56,21.11,21.14,21.09,,,45,19.97333333,20.465,21.09
21.9,21.03,20.19,23.64,22.71,19.91,19.31,18.28,19.83,19.98,21.77,21.34,21.68,20.17,19.62,20.4,21.02,20.24,20.58,20.49,21.04,20.86,21.08,21.3,21.01,21.12,21.63,21.2,21.21,21.14,,,46.5,19.97666667,20.49,21.13666667
21.9,21.03,20.19,23.64,22.71,19.91,19.32,18.3,19.84,19.98,21.82,21.38,21.73,20.18,19.62,20.41,21.04,20.32,20.6,20.51,21.13,20.94,21.17,21.37,21.1,21.19,21.68,21.25,21.26,21.21,,,48,19.98,20.505,21.20666667
21.91,21.05,20.2,23.64,22.71,19.91,19.32,18.29,19.84,19.98,21.89,21.39,21.8,20.2,19.67,20.43,21.05,20.4,20.61,20.52,21.19,20.98,21.23,21.42,21.11,21.24,21.74,21.29,21.32,21.26,,,49.5,19.98333333,20.52,21.26333333
21.91,21.09,20.2,23.64,22.71,19.91,19.32,18.3,19.84,19.98,21.92,21.42,21.83,20.26,19.71,20.49,21.11,20.41,20.67,20.58,21.28,21.12,21.32,21.47,21.11,21.29,21.82,21.38,21.4,21.34,,,51,19.98333333,20.58,21.33666667
21.93,21.11,20.22,23.65,22.71,19.92,19.35,18.3,19.87,20.00,21.99,21.47,21.9,20.27,19.71,20.5,21.12,20.42,20.68,20.59,21.33,21.2,21.37,21.56,21.12,21.38,21.9,21.47,21.48,21.41,,,52.5,20.00333333,20.59,21.41
21.96,21.11,20.25,23.65,22.71,19.92,19.39,18.3,19.91,20.03,22.02,21.55,21.93,20.29,19.79,20.52,21.14,20.48,20.7,20.61,21.4,21.25,21.44,21.63,21.2,21.45,21.96,21.54,21.54,21.48,,,54,20.02666667,20.61,21.47666667
21.98,21.11,20.27,23.65,22.71,19.92,19.4,18.3,19.92,20.04,22.08,21.59,21.99,20.31,19.8,20.54,21.2,20.5,20.76,20.65,21.47,21.32,21.51,21.69,21.29,21.51,22.03,21.64,21.61,21.54,,,55.5,20.03666667,20.65,21.54333333
21.99,21.11,20.28,23.66,22.71,19.93,19.4,18.3,19.92,20.04,22.13,21.63,22.04,20.35,19.84,20.58,21.21,20.5,20.77,20.68,21.54,21.39,21.58,21.75,21.37,21.57,22.09,21.74,21.67,21.61,,,57,20.04333333,20.675,21.60666667
21.99,21.12,20.28,23.7,22.71,19.97,19.4,18.3,19.92,20.06,22.17,21.64,22.08,20.36,19.88,20.59,21.26,20.58,20.82,20.71,21.64,21.47,21.68,21.82,21.43,21.64,22.17,21.86,21.75,21.69,,,58.5,20.05666667,20.705,21.69
21.99,21.12,20.28,23.7,22.71,19.97,19.4,18.3,19.92,20.06,22.23,21.76,22.14,20.42,19.88,20.65,21.29,20.59,20.85,20.75,21.71,21.47,21.75,21.9,21.47,21.72,22.24,21.93,21.82,21.76,,,60,20.05666667,20.75,21.76333333
21.99,21.13,20.28,23.72,22.71,19.99,19.4,18.3,19.92,20.06,22.26,21.82,22.17,20.43,19.97,20.66,21.3,20.59,20.86,20.76,21.78,21.49,21.82,21.98,21.56,21.8,22.32,21.92,21.9,21.84,,,61.5,20.06333333,20.76,21.84
22,21.16,20.29,23.73,22.71,20,19.41,18.3,19.93,20.07,22.33,21.81,22.24,20.48,19.99,20.71,21.37,20.6,20.93,20.82,21.83,21.64,21.87,22.06,21.64,21.88,22.38,22.07,21.96,21.90,,,63,20.07333333,20.82,21.90333333
22,21.17,20.29,23.73,22.71,20,19.43,18.3,19.95,20.08,22.36,21.83,22.27,20.51,20.06,20.74,21.38,20.67,20.94,20.84,21.91,21.73,21.95,22.11,21.65,21.93,22.44,22.16,22.02,21.97,,,64.5,20.08,20.84,21.96666667
22.04,21.2,20.33,23.73,22.71,20,19.45,18.3,19.97,20.10,22.42,21.85,22.33,20.53,20.06,20.76,21.39,20.7,20.95,20.86,21.99,21.87,22.03,22.17,21.75,21.99,22.52,22.26,22.1,22.04,,,66,20.1,20.855,22.04
22.05,21.2,20.34,23.73,22.72,20,19.48,18.3,20,20.11,22.47,21.91,22.38,20.57,20.14,20.8,21.46,20.76,21.02,20.91,22.07,21.99,22.11,22.25,21.91,22.07,22.6,22.26,22.18,22.12,,,67.5,20.11333333,20.91,22.12
22.07,21.21,20.36,23.73,22.78,20,19.49,18.31,20.01,20.12,22.51,22.06,22.42,20.61,20.15,20.84,21.47,20.85,21.03,20.94,22.12,22.08,22.16,22.34,22,22.16,22.68,22.35,22.26,22.19,,,69,20.12333333,20.935,22.19333333
22.08,21.28,20.37,23.73,22.79,20,19.49,18.31,20.01,20.13,22.57,22.17,22.48,20.62,20.15,20.85,21.5,20.85,21.06,20.96,22.23,22.09,22.27,22.42,22.04,22.24,22.76,22.44,22.34,22.28,,,70.5,20.12666667,20.955,22.28333333
22.08,21.29,20.37,23.73,22.79,20,19.5,18.31,20.02,20.13,22.6,22.17,22.51,20.68,20.2,20.91,21.55,20.85,21.11,21.01,22.31,22.23,22.35,22.5,22.05,22.32,22.84,22.53,22.42,22.36,,,72,20.13,21.01,22.36333333
22.08,21.29,20.37,23.73,22.79,20,19.51,18.31,20.03,20.13,22.66,22.26,22.57,20.7,20.24,20.93,21.57,20.94,21.13,21.03,22.42,22.35,22.46,22.58,22.08,22.4,22.92,22.53,22.5,22.45,,,73.5,20.13333333,21.03,22.45333333
22.08,21.29,20.37,23.73,22.79,20,19.51,18.35,20.03,20.13,22.69,22.26,22.6,20.74,20.32,20.97,21.63,20.98,21.19,21.08,22.5,22.43,22.54,22.66,22.17,22.48,22.99,22.63,22.57,22.53,,,75,20.13333333,21.08,22.53
22.1,21.32,20.39,23.73,22.79,20,19.54,18.38,20.06,20.15,22.75,22.26,22.66,20.78,20.32,21.01,21.65,21.03,21.21,21.11,22.59,22.44,22.63,22.72,22.35,22.54,23.06,22.7,22.64,22.60,,,76.5,20.15,21.11,22.60333333
22.13,21.33,20.42,23.73,22.79,20,19.56,18.39,20.08,20.17,22.77,22.26,22.68,20.81,20.32,21.04,21.68,21.03,21.24,21.14,22.65,22.59,22.69,22.8,22.35,22.62,23.14,22.79,22.72,22.68,,,78,20.16666667,21.14,22.67666667
22.14,21.31,20.43,23.76,22.79,20.03,19.57,18.38,20.09,20.18,22.83,22.26,22.74,20.84,20.35,21.07,21.73,21.09,21.29,21.18,22.7,22.7,22.74,22.88,22.35,22.7,23.21,22.86,22.79,22.74,,,79.5,20.18333333,21.18,22.74333333
22.16,21.31,20.45,23.74,22.79,20.01,19.57,18.39,20.09,20.18,22.86,22.26,22.77,20.87,20.4,21.1,21.74,21.12,21.3,21.20,22.79,22.84,22.83,22.96,22.44,22.78,23.3,22.96,22.88,22.83,,,81,20.18333333,21.2,22.83
22.16,21.31,20.45,23.8,22.8,20.07,19.58,18.39,20.1,20.21,22.94,22.34,22.85,20.92,20.41,21.15,21.82,21.2,21.38,21.27,22.88,22.87,22.92,23.03,22.59,22.85,23.38,23.08,22.96,22.91,,,82.5,20.20666667,21.265,22.91
22.16,21.33,20.45,23.81,22.8,20.08,19.58,18.4,20.1,20.21,22.96,22.44,22.87,20.95,20.43,21.18,21.83,21.27,21.39,21.29,22.95,22.94,22.99,23.12,22.59,22.94,23.47,23.23,23.05,22.99,,,84,20.21,21.285,22.99333333
22.16,21.31,20.45,23.82,22.79,20.09,19.6,18.47,20.12,20.22,23.01,22.49,22.92,20.98,20.5,21.21,21.88,21.29,21.44,21.33,23.06,22.97,23.1,23.21,22.73,23.03,23.55,23.33,23.13,23.09,,,85.5,20.22,21.325,23.08666667
22.16,21.32,20.45,23.81,22.8,20.08,19.63,18.48,20.15,20.23,23.04,22.56,22.95,21.04,20.55,21.27,21.9,21.29,21.46,21.37,23.14,22.99,23.18,23.29,22.81,23.11,23.64,23.41,23.22,23.17,,,87,20.22666667,21.365,23.17
22.16,21.33,20.45,23.82,22.8,20.09,19.65,18.48,20.17,20.24,23.1,22.64,23.01,21.05,20.62,21.28,21.93,21.37,21.49,21.39,23.23,22.98,23.27,23.38,22.93,23.2,23.72,23.42,23.3,23.26,,,88.5,20.23666667,21.385,23.25666667
22.17,21.3,20.46,23.82,22.82,20.09,19.66,18.48,20.18,20.24,23.13,22.71,23.04,21.12,20.67,21.35,21.99,21.38,21.55,21.45,23.31,23.06,23.35,23.47,23.07,23.29,23.81,23.42,23.39,23.34,,,90,20.24333333,21.45,23.34333333
22.17,21.29,20.46,23.82,22.86,20.09,19.66,18.56,20.18,20.24,23.2,22.79,23.11,21.14,20.67,21.37,22.02,21.38,21.58,21.48,23.38,23.15,23.42,23.55,23.24,23.37,23.88,23.5,23.46,23.42,,,91.5,20.24333333,21.475,23.41666667
22.18,21.3,20.47,23.82,22.87,20.09,19.66,18.57,20.18,20.25,23.23,22.79,23.14,21.19,20.74,21.42,22.07,21.38,21.63,21.53,23.47,23.24,23.51,23.63,23.37,23.45,23.95,23.59,23.53,23.50,,,93,20.24666667,21.525,23.49666667
22.21,21.33,20.5,23.82,22.88,20.09,19.66,18.56,20.18,20.26,23.28,22.79,23.19,21.23,20.76,21.46,22.09,21.38,21.65,21.56,23.55,23.3,23.59,23.71,23.5,23.53,24.06,23.7,23.64,23.59,,,94.5,20.25666667,21.555,23.58666667
22.23,21.36,20.52,23.82,22.88,20.09,19.68,18.57,20.2,20.27,23.31,22.83,23.22,21.29,20.81,21.52,22.16,21.43,21.72,21.62,23.64,23.33,23.68,23.79,23.5,23.61,24.13,23.77,23.71,23.67,,,96,20.27,21.62,23.66666667
22.24,21.36,20.53,23.82,22.88,20.09,19.7,18.57,20.22,20.28,23.38,22.88,23.29,21.31,20.83,21.54,22.17,21.47,21.73,21.64,23.73,23.36,23.77,23.89,23.49,23.71,24.22,23.86,23.8,23.76,,,97.5,20.28,21.635,23.76
22.25,21.37,20.54,23.82,22.88,20.09,19.73,18.57,20.25,20.29,23.4,22.88,23.31,21.38,20.84,21.61,22.22,21.55,21.78,21.70,23.82,23.49,23.86,23.98,23.5,23.8,24.28,23.95,23.86,23.84,,,99,20.29333333,21.695,23.84
22.25,21.38,20.54,23.86,22.88,20.13,19.74,18.57,20.26,20.31,23.45,22.88,23.36,21.39,20.85,21.62,22.25,21.61,21.81,21.72,23.9,23.59,23.94,24.05,23.64,23.87,24.38,24.04,23.96,23.92,,,100.5,20.31,21.715,23.92333333
22.25,21.38,20.54,23.88,22.88,20.15,19.74,18.57,20.26,20.32,23.48,22.88,23.39,21.47,20.87,21.7,22.26,21.65,21.82,21.76,23.99,23.68,24.03,24.14,23.77,23.96,24.46,24.13,24.04,24.01,,,102,20.31666667,21.76,24.01
22.25,21.38,20.54,23.9,22.88,20.17,19.75,18.64,20.27,20.33,23.54,22.88,23.45,21.48,20.94,21.71,22.32,21.73,21.88,21.80,24.09,23.78,24.13,24.22,23.88,24.04,24.54,24.13,24.12,24.10,,,103.5,20.32666667,21.795,24.09666667
22.25,21.38,20.54,23.9,22.89,20.17,19.75,18.65,20.27,20.33,23.56,22.89,23.47,21.55,20.98,21.78,22.35,21.73,21.91,21.85,24.18,23.86,24.22,24.3,23.99,24.12,24.62,24.22,24.2,24.18,,,105,20.32666667,21.845,24.18
22.25,21.33,20.54,23.9,22.88,20.17,19.75,18.65,20.27,20.33,23.62,22.97,23.53,21.57,21.03,21.8,22.4,21.73,21.96,21.88,24.27,23.87,24.31,24.39,24.04,24.21,24.71,24.32,24.29,24.27,,,106.5,20.32666667,21.88,24.27
22.25,21.29,20.54,23.9,22.88,20.17,19.77,18.65,20.29,20.33,23.64,23.06,23.55,21.63,21.03,21.86,22.43,21.73,21.99,21.93,24.34,24.05,24.38,24.47,23.95,24.29,24.8,24.42,24.38,24.35,,,108,20.33333333,21.925,24.35
22.26,21.29,20.55,23.9,22.88,20.17,19.76,18.65,20.28,20.33,23.7,23.08,23.61,21.66,21.11,21.89,22.49,21.78,22.05,21.97,24.43,24.14,24.47,24.56,24.12,24.38,24.88,24.57,24.46,24.44,,,109.5,20.33333333,21.97,24.43666667
22.26,21.29,20.55,23.9,22.88,20.17,19.8,18.65,20.32,20.35,23.73,23.13,23.64,21.72,21.12,21.95,22.51,21.82,22.07,22.01,24.52,24.22,24.56,24.64,24.23,24.46,24.96,24.67,24.54,24.52,,,111,20.34666667,22.01,24.52
22.3,21.29,20.59,23.9,22.9,20.17,19.83,18.65,20.35,20.37,23.78,23.12,23.69,21.74,21.2,21.97,22.54,21.91,22.1,22.04,24.62,24.31,24.66,24.72,24.13,24.54,25.05,24.81,24.63,24.61,,,112.5,20.37,22.035,24.61
22.32,21.37,20.61,23.9,22.91,20.17,19.83,18.65,20.35,20.38,23.82,23.15,23.73,21.81,21.2,22.04,22.59,21.97,22.15,22.10,24.7,24.42,24.74,24.82,24.21,24.64,25.14,24.88,24.72,24.70,,,114,20.37666667,22.095,24.7
22.33,21.38,20.62,23.91,22.93,20.18,19.83,18.65,20.35,20.38,23.87,23.24,23.78,21.83,21.28,22.06,22.6,22,22.16,22.11,24.78,24.53,24.82,24.9,24.32,24.72,25.22,25.02,24.8,24.78,,,115.5,20.38333333,22.11,24.78
22.34,21.38,20.63,23.92,22.9,20.19,19.83,18.65,20.35,20.39,23.9,23.24,23.81,21.89,21.29,22.12,22.68,22,22.24,22.18,24.62,24.84,24.66,24.99,24.44,24.81,25.31,25.04,24.89,24.79,,,117,20.39,22.18,24.78666667
22.34,21.38,20.63,23.93,22.95,20.2,19.84,18.65,20.36,20.40,23.93,23.27,23.84,21.91,21.35,22.14,22.69,22,22.25,22.20,24.87,24.57,24.91,25.08,24.49,24.9,25.31,25.04,24.89,24.90,,,118.5,20.39666667,22.195,24.9
22.34,21.38,20.63,23.95,22.95,20.22,19.85,18.65,20.37,20.41,23.99,23.3,23.9,21.97,21.37,22.2,22.75,22.08,22.31,22.26,24.96,24.66,25,25.16,24.65,24.98,25.4,25.11,24.98,24.99,,,120,20.40666667,22.255,24.98666667
22.34,21.38,20.63,23.98,22.97,20.25,19.87,18.65,20.39,20.42,24.01,23.33,23.92,21.99,21.4,22.22,22.78,22.09,22.34,22.28,,,,,,,,,,,,,121.5,20.42333333,22.28,
22.34,21.38,20.63,23.98,22.97,20.25,19.9,18.65,20.42,20.43,24.08,23.3,23.99,22.04,21.47,22.27,22.83,22.13,22.39,22.33,,,,,,,,,,,,,123,20.43333333,22.33,
22.34,21.42,20.63,23.99,22.97,20.26,19.92,18.65,20.44,20.44,24.09,23.33,24,22.08,21.47,22.31,22.86,22.17,22.42,22.37,,,,,,,,,,,,,124.5,20.44333333,22.365,
22.35,21.45,20.64,23.99,22.97,20.26,19.97,18.7,20.49,20.46,24.16,23.41,24.07,22.13,21.55,22.36,22.92,22.17,22.48,22.42,,,,,,,,,,,,,126,20.46333333,22.42,
22.37,21.47,20.66,23.99,22.97,20.26,19.99,18.74,20.51,20.48,24.17,23.5,24.08,22.17,21.6,22.4,22.94,22.17,22.5,22.45,,,,,,,,,,,,,127.5,20.47666667,22.45,
22.41,21.47,20.7,23.99,22.97,20.26,20,18.83,20.52,20.49,24.23,23.5,24.14,22.19,21.66,22.42,23,22.17,22.56,22.49,,,,,,,,,,,,,129,20.49333333,22.49,
22.42,21.47,20.71,23.99,23.02,20.26,19.43,18.91,19.95,20.31,24.26,23.59,24.17,22.25,21.73,22.48,23.03,22.18,22.59,22.54,,,,,,,,,,,,,130.5,20.30666667,22.535,
22.42,21.47,20.71,23.99,23.06,20.26,19.47,18.88,19.99,20.32,24.32,23.59,24.23,22.27,21.79,22.5,23.08,22.26,22.64,22.57,,,,,,,,,,,,,132,20.32,22.57,
22.42,21.47,20.71,23.99,23.06,20.26,19.49,18.84,20.01,20.33,24.34,23.62,24.25,22.32,21.85,22.55,23.11,22.35,22.67,22.61,,,,,,,,,,,,,133.5,20.32666667,22.61,
22.42,21.47,20.71,24,23.06,20.27,19.49,18.83,20.01,20.33,24.39,23.66,24.3,22.34,21.82,22.57,23.13,22.35,22.69,22.63,,,,,,,,,,,,,135,20.33,22.63,
22.42,21.47,20.71,24,23.06,20.27,19.49,18.83,20.01,20.33,24.43,23.64,24.34,22.4,21.82,22.63,23.19,22.44,22.75,22.69,,,,,,,,,,,,,136.5,20.33,22.69,
22.43,21.47,20.72,24.03,23.06,20.3,19.49,18.83,20.01,20.34,24.47,23.68,24.38,22.43,21.91,22.66,23.21,22.5,22.77,22.72,,,,,,,,,,,,,138,20.34333333,22.715,
22.43,21.47,20.72,24.06,23.06,20.33,19.5,18.83,20.02,20.36,24.52,23.7,24.43,22.48,21.91,22.71,23.26,22.53,22.82,22.77,,,,,,,,,,,,,139.5,20.35666667,22.765,
22.44,21.49,20.73,24.08,23.06,20.35,19.53,18.84,20.05,20.38,24.55,23.77,24.46,22.51,21.91,22.74,23.29,22.6,22.85,22.80,,,,,,,,,,,,,141,20.37666667,22.795,
22.47,21.54,20.76,24.08,23.06,20.35,19.55,18.91,20.07,20.39,24.6,23.86,24.51,22.56,21.93,22.79,23.31,22.62,22.87,22.83,,,,,,,,,,,,,142.5,20.39333333,22.83,
22.49,21.56,20.78,24.08,23.06,20.35,19.57,18.92,20.09,20.41,24.62,23.94,24.53,22.6,21.99,22.83,23.38,22.61,22.94,22.89,,,,,,,,,,,,,144,20.40666667,22.885,
22.51,21.56,20.8,24.08,23.06,20.35,19.57,18.92,20.09,20.41,24.68,23.95,24.59,22.63,22,22.86,23.41,22.62,22.97,22.92,,,,,,,,,,,,,145.5,20.41333333,22.915,
22.51,21.56,20.8,24.08,23.06,20.35,19.57,18.92,20.09,20.41,24.69,24.04,24.6,22.68,22.08,22.91,23.46,22.63,23.02,22.97,,,,,,,,,,,,,147,20.41333333,22.965,
22.51,21.56,20.8,24.08,23.06,20.35,19.57,18.93,20.09,20.41,24.76,24.04,24.67,22.7,22.09,22.93,23.49,22.7,23.05,22.99,,,,,,,,,,,,,148.5,20.41333333,22.99,
22.51,21.56,20.8,24.08,23.06,20.35,19.58,18.93,20.1,20.42,24.78,24.12,24.69,22.77,22.09,23,23.55,22.71,23.11,23.06,,,,,,,,,,,,,150,20.41666667,23.055,
22.51,21.56,20.8,24.08,23.06,20.35,19.59,18.93,20.11,20.42,24.83,24.14,24.74,22.78,22.17,23.01,23.56,22.72,23.12,23.07,,,,,,,,,,,,,151.5,20.42,23.065,
22.51,21.56,20.8,24.11,23.06,20.38,19.61,19,20.13,20.44,24.87,24.17,24.78,22.84,22.19,23.07,23.62,22.79,23.18,23.13,,,,,,,,,,,,,153,20.43666667,23.125,
22.51,21.56,20.8,24.11,23.06,20.38,19.64,19,20.16,20.45,24.9,24.17,24.81,22.86,22.26,23.09,23.64,22.86,23.2,23.15,,,,,,,,,,,,,154.5,20.44666667,23.145,
22.53,21.56,20.82,24.14,23.14,20.41,19.66,19,20.18,20.47,24.95,24.21,24.86,22.93,22.26,23.16,23.7,22.8,23.26,23.21,,,,,,,,,,,,,156,20.47,23.21,
22.56,21.56,20.85,24.16,23.15,20.43,19.66,19,20.18,20.49,24.97,24.22,24.88,22.95,22.34,23.18,23.73,22.8,23.29,23.24,,,,,,,,,,,,,157.5,20.48666667,23.235,
22.59,21.56,20.88,24.17,23.15,20.44,19.66,19,20.18,20.50,25.03,24.23,24.94,23,22.35,23.23,23.79,22.81,23.35,23.29,,,,,,,,,,,,,159,20.5,23.29,
22.59,21.57,20.88,24.17,23.15,20.44,19.69,19,20.21,20.51,25.05,24.31,24.96,23.03,22.36,23.26,23.82,22.88,23.38,23.32,,,,,,,,,,,,,160.5,20.51,23.32,
22.6,21.58,20.89,24.17,23.15,20.44,19.71,19.01,20.23,20.52,25.1,24.31,25.01,23.07,22.43,23.3,23.85,22.88,23.41,23.36,,,,,,,,,,,,,162,20.52,23.355,
22.6,21.57,20.89,24.17,23.15,20.44,19.74,19.01,20.26,20.53,24.99,24.42,24.9,23.12,22.44,23.35,23.9,22.88,23.46,23.41,,,,,,,,,,,,,163.5,20.53,23.405,
22.6,21.56,20.89,24.17,23.17,20.44,19.75,19,20.27,20.53,25.19,24.4,25.1,23.15,22.53,23.38,23.91,22.97,23.47,23.43,,,,,,,,,,,,,165,20.53333333,23.425,
22.6,21.56,20.89,24.17,23.18,20.44,19.75,19,20.27,20.53,25.1,24.48,25.01,23.2,22.53,23.43,23.97,22.97,23.53,23.48,,,,,,,,,,,,,166.5,20.53333333,23.48,
22.6,21.57,20.89,24.17,23.15,20.44,19.75,19.02,20.27,20.53,25.15,24.49,25.06,23.22,22.58,23.45,23.99,23.04,23.55,23.50,,,,,,,,,,,,,168,20.53333333,23.5,
22.6,21.59,20.89,24.17,23.15,20.44,19.75,19.08,20.27,20.53,,,,23.28,22.62,23.51,24.02,23.09,23.58,23.55,,,,,,,,,,,,,169.5,20.53333333,23.545,
22.61,21.64,20.9,24.17,23.15,20.44,19.75,19.09,20.27,20.54,,,,23.3,22.62,23.53,24.07,23.21,23.63,23.58,,,,,,,,,,,,,171,20.53666667,23.58,
22.64,21.64,20.93,24.21,23.15,20.48,19.76,19.09,20.28,20.56,,,,23.36,22.62,23.59,24.09,23.31,23.65,23.62,,,,,,,,,,,,,172.5,20.56333333,23.62,
22.67,21.64,20.96,24.23,23.16,20.5,19.78,19.09,20.3,20.59,,,,23.39,22.64,23.62,24.15,23.4,23.71,23.67,,,,,,,,,,,,,174,20.58666667,23.665,
22.68,21.64,20.97,24.23,23.2,20.5,19.81,19.09,20.33,20.60,,,,23.42,22.62,23.65,24.17,23.47,23.73,23.69,,,,,,,,,,,,,175.5,20.6,23.69,
22.68,21.64,20.97,24.25,23.24,20.52,19.82,19.14,20.34,20.61,,,,23.47,22.62,23.7,24.22,23.51,23.78,23.74,,,,,,,,,,,,,177,20.61,23.74,
22.68,21.64,20.97,24.25,23.24,20.52,19.83,19.18,20.35,20.61,,,,23.5,22.7,23.73,24.25,23.53,23.81,23.77,,,,,,,,,,,,,178.5,20.61333333,23.77,
22.68,21.65,20.97,24.25,23.24,20.52,19.83,19.18,20.35,20.61,,,,23.55,22.73,23.78,24.29,23.59,23.85,23.82,,,,,,,,,,,,,180,20.61333333,23.815,
22.68,21.65,20.97,24.25,23.24,20.52,19.83,19.18,20.35,20.61,,,,23.57,22.79,23.8,24.34,23.65,23.9,23.85,,,,,,,,,,,,,181.5,20.61333333,23.85,
22.68,21.7,20.97,24.25,23.24,20.52,19.84,19.18,20.36,20.62,,,,23.63,22.85,23.86,24.35,23.67,23.91,23.89,,,,,,,,,,,,,183,20.61666667,23.885,
22.69,21.7,20.98,24.25,23.26,20.52,19.84,19.19,20.36,20.62,,,,23.65,22.88,23.88,24.42,23.63,23.98,23.93,,,,,,,,,,,,,184.5,20.62,23.93,
22.71,21.72,21,24.25,23.24,20.52,19.86,19.19,20.38,20.63,,,,23.72,22.88,23.95,24.43,23.68,23.99,23.97,,,,,,,,,,,,,186,20.63333333,23.97,
22.73,21.72,21.02,24.26,23.23,20.53,19.89,19.18,20.41,20.65,,,,23.73,22.88,23.96,24.47,23.76,24.03,24.00,,,,,,,,,,,,,187.5,20.65333333,23.995,
22.75,21.73,21.04,24.26,23.15,20.53,19.91,19.18,20.43,20.67,,,,23.8,22.97,24.03,24.52,23.78,24.08,24.06,,,,,,,,,,,,,189,20.66666667,24.055,
22.77,21.73,21.06,24.29,23.21,20.56,19.92,19.18,20.44,20.69,,,,23.82,23.04,24.05,24.54,23.86,24.1,24.08,,,,,,,,,,,,,190.5,20.68666667,24.075,
22.77,21.73,21.06,24.32,23.15,20.59,19.92,19.18,20.44,20.70,,,,23.86,23.06,24.09,24.6,23.91,24.16,24.13,,,,,,,,,,,,,192,20.69666667,24.125,
22.77,21.73,21.06,24.33,23.21,20.6,19.92,19.19,20.44,20.70,,,,23.9,23.13,24.13,24.62,23.86,24.18,24.16,,,,,,,,,,,,,193.5,20.7,24.155,
22.77,21.73,21.06,24.34,23.23,20.61,19.92,19.18,20.44,20.70,,,,23.92,23.15,24.15,24.68,23.88,24.24,24.20,,,,,,,,,,,,,195,20.70333333,24.195,
22.77,21.75,21.06,24.34,23.24,20.61,19.92,19.26,20.44,20.70,,,,23.99,23.23,24.22,24.7,23.95,24.26,24.24,,,,,,,,,,,,,196.5,20.70333333,24.24,
22.77,21.8,21.06,24.34,23.24,20.61,19.95,19.27,20.47,20.71,,,,24.01,23.24,24.24,24.76,24.01,24.32,24.28,,,,,,,,,,,,,198,20.71333333,24.28,
22.77,21.82,21.06,24.34,23.27,20.61,19.98,19.27,20.5,20.72,,,,24.08,23.24,24.31,24.78,24.04,24.34,24.33,,,,,,,,,,,,,199.5,20.72333333,24.325,
22.79,21.82,21.08,24.34,23.3,20.61,20,19.27,20.52,20.74,,,,24.08,23.33,24.31,24.82,24.13,24.38,24.35,,,,,,,,,,,,,201,20.73666667,24.345,
22.82,21.82,21.11,24.34,23.32,20.61,20,19.27,20.52,20.75,,,,24.13,23.33,24.36,24.87,24.14,24.43,24.40,,,,,,,,,,,,,202.5,20.74666667,24.395,
22.84,21.82,21.13,24.34,23.33,20.61,20,19.27,20.52,20.75,,,,24.16,23.33,24.39,24.89,24.2,24.45,24.42,,,,,,,,,,,,,204,20.75333333,24.42,
22.86,21.82,21.15,24.34,23.33,20.61,20,19.27,20.52,20.76,,,,24.19,23.33,24.42,24.96,24.13,24.52,24.47,,,,,,,,,,,,,205.5,20.76,24.47,
22.86,21.8,21.15,24.36,23.33,20.63,20,19.27,20.52,20.77,,,,24.25,23.34,24.48,24.96,24.13,24.52,24.50,,,,,,,,,,,,,207,20.76666667,24.5,
22.86,21.82,21.15,24.37,23.34,20.64,20.01,19.27,20.53,20.77,,,,24.26,23.34,24.49,25.03,24.13,24.59,24.54,,,,,,,,,,,,,208.5,20.77333333,24.54,
22.86,21.81,21.15,24.4,23.33,20.67,20.03,19.28,20.55,20.79,,,,24.33,23.41,24.56,25.04,24.21,24.6,24.58,,,,,,,,,,,,,210,20.79,24.58,
22.86,21.82,21.15,24.42,23.37,20.69,20.06,19.34,20.58,20.81,,,,24.34,23.5,24.57,25.07,24.22,24.63,24.60,,,,,,,,,,,,,211.5,20.80666667,24.6,
22.86,21.82,21.15,24.43,23.34,20.7,20.08,19.36,20.6,20.82,,,,24.39,23.53,24.62,25.13,24.22,24.69,24.66,,,,,,,,,,,,,213,20.81666667,24.655,
22.86,21.82,21.15,24.43,23.25,20.7,20.09,19.36,20.61,20.82,,,,24.43,23.58,24.66,25.16,24.28,24.72,24.69,,,,,,,,,,,,,214.5,20.82,24.69,
22.87,21.82,21.16,24.43,23.24,20.7,20.09,19.36,20.61,20.82,,,,24.46,23.62,24.69,25.22,24.31,24.78,24.74,,,,,,,,,,,,,216,20.82333333,24.735,
22.89,21.86,21.18,24.43,23.33,20.7,20.09,19.39,20.61,20.83,,,,24.51,23.68,24.74,25.23,24.4,24.79,24.77,,,,,,,,,,,,,217.5,20.83,24.765,
22.93,21.89,21.22,24.43,23.33,20.7,20.09,19.44,20.61,20.84,,,,24.53,23.7,24.76,25.28,24.48,24.84,24.80,,,,,,,,,,,,,219,20.84333333,24.8,
22.94,21.9,21.23,24.43,23.35,20.7,20.1,19.44,20.62,20.85,,,,24.59,23.75,24.82,25.31,24.5,24.87,24.85,,,,,,,,,,,,,220.5,20.85,24.845,
22.94,21.91,21.23,24.43,23.37,20.7,20.12,19.44,20.64,20.86,,,,24.61,23.77,24.84,25.35,24.53,24.91,24.88,,,,,,,,,,,,,222,20.85666667,24.875,
22.94,21.91,21.23,24.43,23.41,20.7,20.15,19.44,20.67,20.87,,,,24.67,23.86,24.9,25.4,24.42,24.96,24.93,,,,,,,,,,,,,223.5,20.86666667,24.93,
22.94,21.91,21.23,24.44,23.42,20.71,20.17,19.47,20.69,20.88,,,,24.69,23.87,24.92,25.41,24.36,24.97,24.95,,,,,,,,,,,,,225,20.87666667,24.945,
22.95,21.91,21.24,24.46,23.42,20.73,20.18,19.53,20.7,20.89,,,,24.71,23.95,24.94,25.39,24.5,24.95,24.95,,,,,,,,,,,,,226.5,20.89,24.945,
22.94,21.91,21.23,24.5,23.42,20.77,20.18,19.53,20.7,20.90,,,,24.78,23.96,25.01,25.48,24.4,25.04,25.03,,,,,,,,,,,,,228,20.9,25.025,
22.94,21.91,21.23,24.51,23.42,20.78,20.18,19.53,20.7,20.90,,,,,,,,,,,,,,,,,,,,,,,229.5,20.90333333,,
22.96,21.91,21.25,24.52,23.42,20.79,20.18,19.53,20.7,20.91,,,,,,,,,,,,,,,,,,,,,,,231,20.91333333,,
22.98,21.91,21.27,24.52,23.5,20.79,20.18,19.53,20.7,20.92,,,,,,,,,,,,,,,,,,,,,,,232.5,20.92,,
23.02,21.91,21.31,24.52,23.5,20.79,20.22,19.53,20.74,20.95,,,,,,,,,,,,,,,,,,,,,,,234,20.94666667,,
23.02,21.91,21.31,24.52,23.49,20.79,20.25,19.53,20.77,20.96,,,,,,,,,,,,,,,,,,,,,,,235.5,20.95666667,,
23.03,21.91,21.32,24.52,23.5,20.79,20.26,19.53,20.78,20.96,,,,,,,,,,,,,,,,,,,,,,,237,20.96333333,,
23.03,21.92,21.32,24.52,23.5,20.79,20.26,19.53,20.78,20.96,,,,,,,,,,,,,,,,,,,,,,,238.5,20.96333333,,
23.03,21.94,21.32,24.52,23.5,20.79,20.26,19.53,20.78,20.96,,,,,,,,,,,,,,,,,,,,,,,240,20.96333333,,
23.03,21.99,21.32,24.52,23.5,20.79,20.26,19.53,20.78,20.96,,,,,,,,,,,,,,,,,,,,,,,241.5,20.96333333,,
23.03,22,21.32,24.53,23.5,20.8,20.26,19.54,20.78,20.97,,,,,,,,,,,,,,,,,,,,,,,243,20.96666667,,
23.04,22,21.33,24.54,23.5,20.81,20.27,19.57,20.79,20.98,,,,,,,,,,,,,,,,,,,,,,,244.5,20.97666667,,
23.04,22,21.33,24.56,23.51,20.83,20.3,19.6,20.82,20.99,,,,,,,,,,,,,,,,,,,,,,,246,20.99333333,,
23.07,22.07,21.36,24.59,23.53,20.86,20.33,19.61,20.85,21.02,,,,,,,,,,,,,,,,,,,,,,,247.5,21.02333333,,
23.1,22.03,21.39,24.6,23.58,20.87,20.35,19.61,20.87,21.04,,,,,,,,,,,,,,,,,,,,,,,249,21.04333333,,
23.12,22,21.41,24.6,23.59,20.87,20.35,19.62,20.87,21.05,,,,,,,,,,,,,,,,,,,,,,,250.5,21.05,,
23.12,21.99,21.41,24.6,23.59,20.87,20.35,19.57,20.87,21.05,,,,,,,,,,,,,,,,,,,,,,,252,21.05,,
23.12,22,21.41,24.6,23.59,20.87,20.36,19.57,20.88,21.05,,,,,,,,,,,,,,,,,,,,,,,253.5,21.05333333,,
23.12,22,21.41,24.6,23.59,20.87,20.4,19.56,20.92,21.07,,,,,,,,,,,,,,,,,,,,,,,255,21.06666667,,
23.12,22.02,21.41,24.6,23.59,20.87,20.42,19.6,20.94,21.07,,,,,,,,,,,,,,,,,,,,,,,256.5,21.07333333,,
23.12,22.08,21.41,24.6,23.59,20.87,20.43,19.62,20.95,21.08,,,,,,,,,,,,,,,,,,,,,,,258,21.07666667,,
23.12,22.09,21.41,24.61,23.6,20.88,20.43,19.62,20.95,21.08,,,,,,,,,,,,,,,,,,,,,,,259.5,21.08,,
23.14,22.09,21.43,24.61,23.59,20.88,20.43,19.62,20.95,21.09,,,,,,,,,,,,,,,,,,,,,,,261,21.08666667,,
23.17,22.09,21.46,24.64,23.59,20.91,20.43,19.62,20.95,21.11,,,,,,,,,,,,,,,,,,,,,,,262.5,21.10666667,,
23.2,22.09,21.49,24.66,23.59,20.93,20.43,19.64,20.95,21.12,,,,,,,,,,,,,,,,,,,,,,,264,21.12333333,,
23.21,22.09,21.5,24.67,23.59,20.94,20.44,19.67,20.96,21.13,,,,,,,,,,,,,,,,,,,,,,,265.5,21.13333333,,
23.21,22.16,21.5,24.69,23.57,20.96,20.45,19.7,20.97,21.14,,,,,,,,,,,,,,,,,,,,,,,267,21.14333333,,
23.21,22.17,21.5,24.69,23.57,20.96,20.46,19.71,20.98,21.15,,,,,,,,,,,,,,,,,,,,,,,268.5,21.14666667,,
23.21,22.17,21.5,24.69,23.51,20.96,20.48,19.71,21,21.15,,,,,,,,,,,,,,,,,,,,,,,270,21.15333333,,
23.21,22.17,21.5,24.69,23.52,20.96,20.51,19.71,21.03,21.16,,,,,,,,,,,,,,,,,,,,,,,271.5,21.16333333,,
23.21,22.17,21.5,24.69,23.54,20.96,20.52,19.71,21.04,21.17,,,,,,,,,,,,,,,,,,,,,,,273,21.16666667,,
23.22,22.17,21.51,24.69,23.51,20.96,20.52,19.74,21.04,21.17,,,,,,,,,,,,,,,,,,,,,,,274.5,21.17,,
23.23,22.17,21.52,24.69,23.5,20.96,20.52,19.75,21.04,21.17,,,,,,,,,,,,,,,,,,,,,,,276,21.17333333,,
23.27,22.17,21.56,24.69,23.5,20.96,20.52,19.79,21.04,21.19,,,,,,,,,,,,,,,,,,,,,,,277.5,21.18666667,,
23.29,22.22,21.58,24.69,23.59,20.96,20.52,19.79,21.04,21.19,,,,,,,,,,,,,,,,,,,,,,,279,21.19333333,,
23.29,22.26,21.58,24.7,23.59,20.97,20.53,19.79,21.05,21.20,,,,,,,,,,,,,,,,,,,,,,,280.5,21.2,,
23.29,22.26,21.58,24.71,23.59,20.98,20.57,19.84,21.09,21.22,,,,,,,,,,,,,,,,,,,,,,,282,21.21666667,,
23.29,22.26,21.58,24.73,23.59,21,20.6,19.87,21.12,21.23,,,,,,,,,,,,,,,,,,,,,,,283.5,21.23333333,,
23.29,22.26,21.58,24.76,23.63,21.03,20.61,19.88,21.13,21.25,,,,,,,,,,,,,,,,,,,,,,,285,21.24666667,,
23.29,22.26,21.58,24.78,23.68,21.05,20.61,19.88,21.13,21.25,,,,,,,,,,,,,,,,,,,,,,,286.5,21.25333333,,
23.3,22.27,21.59,24.78,23.68,21.05,20.61,19.88,21.13,21.26,,,,,,,,,,,,,,,,,,,,,,,288,21.25666667,,
23.31,22.26,21.6,24.78,23.68,21.05,20.61,19.88,21.13,21.26,,,,,,,,,,,,,,,,,,,,,,,289.5,21.26,,
23.32,22.26,21.61,24.78,23.65,21.05,20.61,19.88,21.13,21.26,,,,,,,,,,,,,,,,,,,,,,,291,21.26333333,,
23.35,22.26,21.64,24.78,23.68,21.05,20.63,19.88,21.15,21.28,,,,,,,,,,,,,,,,,,,,,,,292.5,21.28,,
23.38,22.29,21.67,24.78,23.68,21.05,20.67,19.88,21.19,21.30,,,,,,,,,,,,,,,,,,,,,,,294,21.30333333,,
23.38,22.34,21.67,24.78,23.68,21.05,20.68,19.88,21.2,21.31,,,,,,,,,,,,,,,,,,,,,,,295.5,21.30666667,,
23.38,22.32,21.67,24.78,23.68,21.05,20.69,19.9,21.21,21.31,,,,,,,,,,,,,,,,,,,,,,,297,21.31,,
23.38,22.35,21.67,24.78,23.69,21.05,20.69,19.91,21.21,21.31,,,,,,,,,,,,,,,,,,,,,,,298.5,21.31,,
23.38,22.35,21.67,24.79,23.73,21.06,20.69,19.96,21.21,21.31,,,,,,,,,,,,,,,,,,,,,,,300,21.31333333,,
23.38,22.35,21.67,24.81,23.72,21.08,20.7,19.97,21.22,21.32,,,,,,,,,,,,,,,,,,,,,,,301.5,21.32333333,,
23.38,22.35,21.67,24.84,23.77,21.11,20.7,19.97,21.22,21.33,,,,,,,,,,,,,,,,,,,,,,,303,21.33333333,,
23.39,22.35,21.68,24.85,23.77,21.12,20.71,19.97,21.23,21.34,,,,,,,,,,,,,,,,,,,,,,,304.5,21.34333333,,
23.41,22.35,21.7,24.86,23.77,21.13,20.73,19.97,21.25,21.36,,,,,,,,,,,,,,,,,,,,,,,306,21.36,,
23.44,22.35,21.73,24.87,23.77,21.14,20.76,19.97,21.28,21.38,,,,,,,,,,,,,,,,,,,,,,,307.5,21.38333333,,
23.45,22.36,21.74,24.87,23.77,21.14,20.78,19.99,21.3,21.39,,,,,,,,,,,,,,,,,,,,,,,309,21.39333333,,
23.47,22.41,21.76,24.87,23.81,21.14,20.78,20.02,21.3,21.40,,,,,,,,,,,,,,,,,,,,,,,310.5,21.4,,
23.47,22.44,21.76,24.87,23.8,21.14,20.78,20.04,21.3,21.40,,,,,,,,,,,,,,,,,,,,,,,312,21.4,,
23.47,22.44,21.76,24.87,23.78,21.14,20.78,20.06,21.3,21.40,,,,,,,,,,,,,,,,,,,,,,,313.5,21.4,,
23.47,22.44,21.76,24.87,23.81,21.14,20.78,20.06,21.3,21.40,,,,,,,,,,,,,,,,,,,,,,,315,21.4,,
23.47,22.44,21.76,24.87,23.77,21.14,20.8,20.06,21.32,21.41,,,,,,,,,,,,,,,,,,,,,,,316.5,21.40666667,,
23.48,22.44,21.77,24.87,23.77,21.14,20.82,20.06,21.34,21.42,,,,,,,,,,,,,,,,,,,,,,,318,21.41666667,,
23.48,22.39,21.77,24.88,23.79,21.15,20.86,20.08,21.38,21.43,,,,,,,,,,,,,,,,,,,,,,,319.5,21.43333333,,
23.51,22.44,21.8,24.9,23.85,21.17,20.86,20.12,21.38,21.45,,,,,,,,,,,,,,,,,,,,,,,321,21.45,,
23.54,22.44,21.83,24.93,23.86,21.2,20.87,20.14,21.39,21.47,,,,,,,,,,,,,,,,,,,,,,,322.5,21.47333333,,
23.55,22.44,21.84,24.95,23.86,21.22,20.87,20.14,21.39,21.48,,,,,,,,,,,,,,,,,,,,,,,324,21.48333333,,
23.55,22.44,21.84,24.96,23.86,21.23,20.87,20.15,21.39,21.49,,,,,,,,,,,,,,,,,,,,,,,325.5,21.48666667,,
23.55,22.44,21.84,24.96,23.86,21.23,20.87,20.15,21.39,21.49,,,,,,,,,,,,,,,,,,,,,,,327,21.48666667,,
23.55,22.44,21.84,24.96,23.89,21.23,21.13,20.15,21.65,21.57,,,,,,,,,,,,,,,,,,,,,,,328.5,21.57333333,,
23.55,22.44,21.84,24.96,23.94,21.23,21.14,20.15,21.66,21.58,,,,,,,,,,,,,,,,,,,,,,,330,21.57666667,,
23.55,22.44,21.84,24.96,23.93,21.23,21.18,20.15,21.7,21.59,,,,,,,,,,,,,,,,,,,,,,,331.5,21.59,,
23.55,22.5,21.84,24.96,23.86,21.23,21.21,20.15,21.73,21.60,,,,,,,,,,,,,,,,,,,,,,,333,21.6,,
23.56,22.53,21.85,24.98,23.87,21.25,21.11,20.15,21.63,21.58,,,,,,,,,,,,,,,,,,,,,,,334.5,21.57666667,,
23.57,22.53,21.86,24.99,23.86,21.26,21.04,20.15,21.56,21.56,,,,,,,,,,,,,,,,,,,,,,,336,21.56,,
23.6,22.53,21.89,25.01,23.9,21.28,21.12,20.16,21.64,21.60,,,,,,,,,,,,,,,,,,,,,,,337.5,21.60333333,,
23.63,22.53,21.92,25.04,23.86,21.31,21.54,20.17,22.06,21.76,,,,,,,,,,,,,,,,,,,,,,,339,21.76333333,,
23.64,22.53,21.93,25.04,23.93,21.31,21.1,20.18,21.62,21.62,,,,,,,,,,,,,,,,,,,,,,,340.5,21.62,,
23.64,22.53,21.93,25.04,23.95,21.31,21.23,20.22,21.75,21.66,,,,,,,,,,,,,,,,,,,,,,,342,21.66333333,,
23.64,22.53,21.93,25.04,23.95,21.31,21.13,20.23,21.65,21.63,,,,,,,,,,,,,,,,,,,,,,,343.5,21.63,,
23.64,22.53,21.93,25.04,23.95,21.31,21.14,20.23,21.66,21.63,,,,,,,,,,,,,,,,,,,,,,,345,21.63333333,,
23.64,22.53,21.93,25.04,23.95,21.31,21.59,20.23,22.11,21.78,,,,,,,,,,,,,,,,,,,,,,,346.5,21.78333333,,
23.64,22.53,21.93,25.04,23.95,21.31,21.73,20.23,22.25,21.83,,,,,,,,,,,,,,,,,,,,,,,348,21.83,,
23.64,22.57,21.93,25.04,23.95,21.31,21.7,20.23,22.22,21.82,,,,,,,,,,,,,,,,,,,,,,,349.5,21.82,,
23.65,22.61,21.94,25.05,24,21.32,21.7,20.23,22.22,21.83,,,,,,,,,,,,,,,,,,,,,,,351,21.82666667,,
23.67,22.62,21.96,25.05,24.04,21.32,21.82,20.23,22.34,21.87,,,,,,,,,,,,,,,,,,,,,,,352.5,21.87333333,,
23.68,22.62,21.97,25.05,24.04,21.32,21.74,20.24,22.26,21.85,,,,,,,,,,,,,,,,,,,,,,,354,21.85,,
23.72,22.62,22.01,25.09,24.04,21.36,21.82,20.26,22.34,21.90,,,,,,,,,,,,,,,,,,,,,,,355.5,21.90333333,,
23.73,22.62,22.02,25.11,24.04,21.38,21.85,20.27,22.37,21.92,,,,,,,,,,,,,,,,,,,,,,,357,21.92333333,,
23.73,22.62,22.02,25.11,24.04,21.38,21.81,20.3,22.33,21.91,,,,,,,,,,,,,,,,,,,,,,,358.5,21.91,,
23.73,22.62,22.02,25.13,24.04,21.4,21.75,20.32,22.27,21.90,,,,,,,,,,,,,,,,,,,,,,,360,21.89666667,,
23.73,22.62,22.02,25.13,24.04,21.4,21.9,20.32,22.42,21.95,,,,,,,,,,,,,,,,,,,,,,,361.5,21.94666667,,
23.73,22.62,22.02,25.13,24.04,21.4,21.85,20.32,22.37,21.93,,,,,,,,,,,,,,,,,,,,,,,363,21.93,,
23.73,22.62,22.02,25.13,24.04,21.4,21.84,20.32,22.36,21.93,,,,,,,,,,,,,,,,,,,,,,,364.5,21.92666667,,
23.73,22.62,22.02,25.13,24.04,21.4,21.82,20.32,22.34,21.92,,,,,,,,,,,,,,,,,,,,,,,366,21.92,,
23.73,22.62,22.02,25.13,24.04,21.4,21.82,20.32,22.34,21.92,,,,,,,,,,,,,,,,,,,,,,,367.5,21.92,,
23.76,22.68,22.05,25.13,24.04,21.4,21.82,20.32,22.34,21.93,,,,,,,,,,,,,,,,,,,,,,,369,21.93,,
23.78,22.67,22.07,25.13,24.04,21.4,21.82,20.32,22.34,21.94,,,,,,,,,,,,,,,,,,,,,,,370.5,21.93666667,,
23.8,22.69,22.09,25.14,24.04,21.41,21.81,20.32,22.33,21.94,,,,,,,,,,,,,,,,,,,,,,,372,21.94333333,,
23.81,22.67,22.1,25.16,24.06,21.43,21.81,20.32,22.33,21.95,,,,,,,,,,,,,,,,,,,,,,,373.5,21.95333333,,
23.81,22.7,22.1,25.17,24.12,21.44,21.81,20.34,22.33,21.96,,,,,,,,,,,,,,,,,,,,,,,375,21.95666667,,
23.82,22.71,22.11,25.2,24.13,21.47,21.8,20.35,22.32,21.97,,,,,,,,,,,,,,,,,,,,,,,376.5,21.96666667,,
23.82,22.71,22.11,25.21,24.13,21.48,21.82,20.35,22.34,21.98,,,,,,,,,,,,,,,,,,,,,,,378,21.97666667,,
23.82,22.71,22.11,25.21,24.13,21.48,21.81,20.39,22.33,21.97,,,,,,,,,,,,,,,,,,,,,,,379.5,21.97333333,,
23.82,22.71,22.11,25.22,24.13,21.49,21.81,20.41,22.33,21.98,,,,,,,,,,,,,,,,,,,,,,,381,21.97666667,,
23.82,22.71,22.11,25.22,24.13,21.49,21.82,20.41,22.34,21.98,,,,,,,,,,,,,,,,,,,,,,,382.5,21.98,,
23.82,22.72,22.11,25.22,24.13,21.49,21.82,20.41,22.34,21.98,,,,,,,,,,,,,,,,,,,,,,,384,21.98,,
23.83,22.78,22.12,25.22,24.13,21.49,21.81,20.41,22.33,21.98,,,,,,,,,,,,,,,,,,,,,,,385.5,21.98,,
23.86,22.79,22.15,25.22,24.14,21.49,21.82,20.41,22.34,21.99,,,,,,,,,,,,,,,,,,,,,,,387,21.99333333,,
23.88,22.77,22.17,25.22,24.18,21.49,21.82,20.41,22.34,22.00,,,,,,,,,,,,,,,,,,,,,,,388.5,22,,
23.89,22.75,22.18,25.22,24.2,21.49,21.41,20.41,21.93,21.87,,,,,,,,,,,,,,,,,,,,,,,390,21.86666667,,
23.9,22.73,22.19,25.22,24.2,21.49,21.3,20.47,21.82,21.83,,,,,,,,,,,,,,,,,,,,,,,391.5,21.83333333,,
23.9,22.71,22.19,25.23,24.2,21.5,21.3,20.5,21.82,21.84,,,,,,,,,,,,,,,,,,,,,,,393,21.83666667,,
23.9,22.71,22.19,25.24,24.22,21.51,21.3,20.5,21.82,21.84,,,,,,,,,,,,,,,,,,,,,,,394.5,21.84,,
23.9,22.71,22.19,25.28,24.22,21.55,21.33,20.5,21.85,21.86,,,,,,,,,,,,,,,,,,,,,,,396,21.86333333,,
23.9,22.71,22.19,25.3,24.22,21.57,21.36,20.5,21.88,21.88,,,,,,,,,,,,,,,,,,,,,,,397.5,21.88,,
23.9,22.71,22.19,25.31,24.22,21.58,21.37,20.52,21.89,21.89,,,,,,,,,,,,,,,,,,,,,,,399,21.88666667,,
23.9,22.71,22.19,25.31,24.2,21.58,21.38,20.57,21.9,21.89,,,,,,,,,,,,,,,,,,,,,,,400.5,21.89,,
23.91,22.71,22.2,25.31,24.15,21.58,21.38,20.58,21.9,21.89,,,,,,,,,,,,,,,,,,,,,,,402,21.89333333,,
23.91,22.71,22.2,25.31,24.14,21.58,21.38,20.59,21.9,21.89,,,,,,,,,,,,,,,,,,,,,,,403.5,21.89333333,,
23.92,22.71,22.21,25.31,24.13,21.58,21.38,20.59,21.9,21.90,,,,,,,,,,,,,,,,,,,,,,,405,21.89666667,,
23.96,22.71,22.25,25.31,24.13,21.58,21.38,20.59,21.9,21.91,,,,,,,,,,,,,,,,,,,,,,,406.5,21.91,,
23.98,22.71,22.27,25.31,24.13,21.58,21.39,20.59,21.91,21.92,,,,,,,,,,,,,,,,,,,,,,,408,21.92,,
23.99,22.71,22.28,25.31,24.13,21.58,21.4,20.59,21.92,21.93,,,,,,,,,,,,,,,,,,,,,,,409.5,21.92666667,,
23.99,22.71,22.28,25.31,24.13,21.58,21.43,20.59,21.95,21.94,,,,,,,,,,,,,,,,,,,,,,,411,21.93666667,,
23.99,22.71,22.28,25.32,24.13,21.59,21.46,20.59,21.98,21.95,,,,,,,,,,,,,,,,,,,,,,,412.5,21.95,,
23.99,22.71,22.28,25.32,24.17,21.59,21.47,20.59,21.99,21.95,,,,,,,,,,,,,,,,,,,,,,,414,21.95333333,,
23.99,22.71,22.28,25.34,24.22,21.61,21.47,20.59,21.99,21.96,,,,,,,,,,,,,,,,,,,,,,,415.5,21.96,,
23.99,22.74,22.28,25.35,24.22,21.62,21.47,20.6,21.99,21.96,,,,,,,,,,,,,,,,,,,,,,,417,21.96333333,,
23.99,22.79,22.28,25.38,24.22,21.65,21.47,20.65,21.99,21.97,,,,,,,,,,,,,,,,,,,,,,,418.5,21.97333333,,
23.99,22.79,22.28,25.39,24.22,21.66,21.47,20.63,21.99,21.98,,,,,,,,,,,,,,,,,,,,,,,420,21.97666667,,
23.99,22.79,22.28,25.39,24.22,21.66,21.47,20.63,21.99,21.98,,,,,,,,,,,,,,,,,,,,,,,421.5,21.97666667,,
24.01,22.79,22.3,25.4,24.25,21.67,21.49,20.67,22.01,21.99,,,,,,,,,,,,,,,,,,,,,,,423,21.99333333,,
24.04,22.79,22.33,25.4,24.29,21.67,21.52,20.67,22.04,22.01,,,,,,,,,,,,,,,,,,,,,,,424.5,22.01333333,,
24.07,22.79,22.36,25.4,24.31,21.67,21.55,20.67,22.07,22.03,,,,,,,,,,,,,,,,,,,,,,,426,22.03333333,,
24.08,22.82,22.37,25.4,24.31,21.67,21.56,20.67,22.08,22.04,,,,,,,,,,,,,,,,,,,,,,,427.5,22.04,,
24.08,22.8,22.37,25.4,24.31,21.67,21.56,20.67,22.08,22.04,,,,,,,,,,,,,,,,,,,,,,,429,22.04,,
24.08,22.82,22.37,25.4,24.31,21.67,21.56,20.67,22.08,22.04,,,,,,,,,,,,,,,,,,,,,,,430.5,22.04,,
24.08,22.8,22.37,25.4,24.33,21.67,21.56,20.67,22.08,22.04,,,,,,,,,,,,,,,,,,,,,,,432,22.04,,
24.08,22.84,22.37,25.41,24.39,21.68,21.56,20.67,22.08,22.04,,,,,,,,,,,,,,,,,,,,,,,433.5,22.04333333,,
24.08,22.88,22.37,25.42,24.4,21.69,21.56,20.68,22.08,22.05,,,,,,,,,,,,,,,,,,,,,,,435,22.04666667,,
24.08,22.88,22.37,25.45,24.34,21.72,21.57,20.67,22.09,22.06,,,,,,,,,,,,,,,,,,,,,,,436.5,22.06,,
24.08,22.88,22.37,25.47,24.31,21.74,21.61,20.68,22.13,22.08,,,,,,,,,,,,,,,,,,,,,,,438,22.08,,
24.09,22.88,22.38,25.48,24.31,21.75,21.62,20.68,22.14,22.09,,,,,,,,,,,,,,,,,,,,,,,439.5,22.09,,
24.1,22.88,22.39,25.48,24.31,21.75,21.64,20.68,22.16,22.10,,,,,,,,,,,,,,,,,,,,,,,441,22.1,,
24.12,22.88,22.41,25.48,24.38,21.75,21.64,20.7,22.16,22.11,,,,,,,,,,,,,,,,,,,,,,,442.5,22.10666667,,
24.15,22.88,22.44,25.48,24.4,21.75,21.64,20.76,22.16,22.12,,,,,,,,,,,,,,,,,,,,,,,444,22.11666667,,
24.16,22.88,22.45,25.48,24.4,21.75,21.64,20.76,22.16,22.12,,,,,,,,,,,,,,,,,,,,,,,445.5,22.12,,
24.16,22.88,22.45,25.48,24.4,21.75,21.64,20.76,22.16,22.12,,,,,,,,,,,,,,,,,,,,,,,447,22.12,,
24.17,22.88,22.46,25.48,24.4,21.75,21.65,20.79,22.17,22.13,,,,,,,,,,,,,,,,,,,,,,,448.5,22.12666667,,
24.17,22.9,22.46,25.48,24.4,21.75,21.65,20.85,22.17,22.13,,,,,,,,,,,,,,,,,,,,,,,450,22.12666667,,
24.17,22.9,22.46,25.5,24.4,21.77,21.67,20.85,22.19,22.14,,,,,,,,,,,,,,,,,,,,,,,451.5,22.14,,
24.17,22.92,22.46,25.51,24.4,21.78,21.71,20.85,22.23,22.16,,,,,,,,,,,,,,,,,,,,,,,453,22.15666667,,
24.17,22.97,22.46,25.53,24.4,21.8,21.73,20.85,22.25,22.17,,,,,,,,,,,,,,,,,,,,,,,454.5,22.17,,
24.18,22.97,22.47,25.56,24.4,21.83,21.73,20.85,22.25,22.18,,,,,,,,,,,,,,,,,,,,,,,456,22.18333333,,
24.18,22.97,22.47,25.57,24.4,21.84,21.73,20.85,22.25,22.19,,,,,,,,,,,,,,,,,,,,,,,457.5,22.18666667,,
24.2,22.97,22.49,25.57,24.48,21.84,21.73,20.85,22.25,22.19,,,,,,,,,,,,,,,,,,,,,,,459,22.19333333,,
24.22,22.97,22.51,25.57,24.48,21.84,21.73,20.85,22.25,22.20,,,,,,,,,,,,,,,,,,,,,,,460.5,22.2,,
24.23,22.97,22.52,25.57,24.49,21.84,21.73,20.85,22.25,22.20,,,,,,,,,,,,,,,,,,,,,,,462,22.20333333,,
24.25,22.97,22.54,25.57,24.48,21.84,21.74,20.85,22.26,22.21,,,,,,,,,,,,,,,,,,,,,,,463.5,22.21333333,,
24.25,22.97,22.54,25.57,24.49,21.84,21.76,20.85,22.28,22.22,,,,,,,,,,,,,,,,,,,,,,,465,22.22,,
24.25,22.97,22.54,25.57,24.49,21.84,21.78,20.85,22.3,22.23,,,,,,,,,,,,,,,,,,,,,,,466.5,22.22666667,,
24.25,22.97,22.54,25.57,24.49,21.84,21.8,20.85,22.32,22.23,,,,,,,,,,,,,,,,,,,,,,,468,22.23333333,,
24.25,22.97,22.54,25.57,24.49,21.84,21.82,20.91,22.34,22.24,,,,,,,,,,,,,,,,,,,,,,,469.5,22.24,,
24.25,22.99,22.54,25.58,24.5,21.85,21.82,20.93,22.34,22.24,,,,,,,,,,,,,,,,,,,,,,,471,22.24333333,,
24.25,22.97,22.54,25.59,24.54,21.86,21.82,20.94,22.34,22.25,,,,,,,,,,,,,,,,,,,,,,,472.5,22.24666667,,
24.26,22.97,22.55,25.6,24.5,21.87,21.82,20.94,22.34,22.25,,,,,,,,,,,,,,,,,,,,,,,474,22.25333333,,
24.26,22.97,22.55,25.62,24.54,21.89,21.82,20.94,22.34,22.26,,,,,,,,,,,,,,,,,,,,,,,475.5,22.26,,
24.28,22.97,22.57,25.65,24.58,21.92,21.82,20.94,22.34,22.28,,,,,,,,,,,,,,,,,,,,,,,477,22.27666667,,
24.31,22.93,22.6,25.66,24.58,21.93,21.83,20.94,22.35,22.29,,,,,,,,,,,,,,,,,,,,,,,478.5,22.29333333,,
24.33,22.88,22.62,25.66,24.58,21.93,21.86,20.94,22.38,22.31,,,,,,,,,,,,,,,,,,,,,,,480,22.31,,
24.33,22.88,22.62,25.66,24.58,21.93,21.88,20.94,22.4,22.32,,,,,,,,,,,,,,,,,,,,,,,481.5,22.31666667,,
24.34,22.88,22.63,25.66,24.58,21.93,21.89,20.94,22.41,22.32,,,,,,,,,,,,,,,,,,,,,,,483,22.32333333,,
24.34,22.88,22.63,25.66,24.51,21.93,21.9,20.96,22.42,22.33,,,,,,,,,,,,,,,,,,,,,,,484.5,22.32666667,,
24.34,22.9,22.63,25.66,24.55,21.93,21.9,20.99,22.42,22.33,,,,,,,,,,,,,,,,,,,,,,,486,22.32666667,,
24.34,22.91,22.63,25.66,24.58,21.93,21.9,21.02,22.42,22.33,,,,,,,,,,,,,,,,,,,,,,,487.5,22.32666667,,
24.34,22.97,22.63,25.66,24.58,21.93,21.9,21.02,22.42,22.33,,,,,,,,,,,,,,,,,,,,,,,489,22.32666667,,
24.34,22.97,22.63,25.67,24.58,21.94,21.9,21.02,22.42,22.33,,,,,,,,,,,,,,,,,,,,,,,490.5,22.33,,
24.34,22.97,22.63,25.68,24.58,21.95,21.91,21.03,22.43,22.34,,,,,,,,,,,,,,,,,,,,,,,492,22.33666667,,
24.35,22.97,22.64,25.7,24.65,21.97,21.91,21.03,22.43,22.35,,,,,,,,,,,,,,,,,,,,,,,493.5,22.34666667,,
24.35,22.97,22.64,25.73,24.66,22,21.94,21.04,22.46,22.37,,,,,,,,,,,,,,,,,,,,,,,495,22.36666667,,
24.38,22.97,22.67,25.74,24.67,22.01,21.97,21.06,22.49,22.39,,,,,,,,,,,,,,,,,,,,,,,496.5,22.39,,
24.41,22.97,22.7,25.74,24.67,22.01,21.99,21.1,22.51,22.41,,,,,,,,,,,,,,,,,,,,,,,498,22.40666667,,
24.42,23.02,22.71,25.75,24.66,22.02,21.99,21.11,22.51,22.41,,,,,,,,,,,,,,,,,,,,,,,499.5,22.41333333,,
24.43,23.06,22.72,25.75,24.66,22.02,21.99,21.11,22.51,22.42,,,,,,,,,,,,,,,,,,,,,,,501,22.41666667,,
24.43,23.06,22.72,25.75,24.67,22.02,21.99,21.11,22.51,22.42,,,,,,,,,,,,,,,,,,,,,,,502.5,22.41666667,,
24.43,23.06,22.72,25.75,24.67,22.02,21.99,21.11,22.51,22.42,,,,,,,,,,,,,,,,,,,,,,,504,22.41666667,,
24.43,23.06,22.72,25.75,24.67,22.02,21.99,21.11,22.51,22.42,,,,,,,,,,,,,,,,,,,,,,,505.5,22.41666667,,
24.43,23.06,22.72,25.75,24.67,22.02,22,21.11,22.52,22.42,,,,,,,,,,,,,,,,,,,,,,,507,22.42,,
24.43,23.06,22.72,25.75,24.67,22.02,22.02,21.11,22.54,22.43,,,,,,,,,,,,,,,,,,,,,,,508.5,22.42666667,,
24.43,23.06,22.72,25.75,24.67,22.02,22.05,21.12,22.57,22.44,,,,,,,,,,,,,,,,,,,,,,,510,22.43666667,,
24.43,23.06,22.72,25.76,24.67,22.03,22.07,21.18,22.59,22.45,,,,,,,,,,,,,,,,,,,,,,,511.5,22.44666667,,
24.44,23.06,22.73,25.77,24.67,22.04,22.08,21.2,22.6,22.46,,,,,,,,,,,,,,,,,,,,,,,513,22.45666667,,
24.47,23.06,22.76,25.79,24.63,22.06,22.08,21.2,22.6,22.47,,,,,,,,,,,,,,,,,,,,,,,514.5,22.47333333,,
24.48,23.06,22.77,25.82,24.66,22.09,22.08,21.2,22.6,22.49,,,,,,,,,,,,,,,,,,,,,,,516,22.48666667,,
24.51,23.06,22.8,25.83,24.67,22.1,22.08,21.2,22.6,22.50,,,,,,,,,,,,,,,,,,,,,,,517.5,22.5,,
24.52,23.06,22.81,25.83,24.67,22.1,22.08,21.2,22.6,22.50,,,,,,,,,,,,,,,,,,,,,,,519,22.50333333,,
24.52,23.06,22.81,25.84,24.67,22.11,22.08,21.2,22.6,22.51,,,,,,,,,,,,,,,,,,,,,,,520.5,22.50666667,,
24.52,23.06,22.81,25.84,24.58,22.11,22.09,21.2,22.61,22.51,,,,,,,,,,,,,,,,,,,,,,,522,22.51,,
24.52,23.07,22.81,25.84,24.58,22.11,22.12,21.2,22.64,22.52,,,,,,,,,,,,,,,,,,,,,,,523.5,22.52,,
24.52,23.14,22.81,25.84,24.64,22.11,22.13,21.21,22.65,22.52,,,,,,,,,,,,,,,,,,,,,,,525,22.52333333,,
24.52,23.15,22.81,25.84,24.66,22.11,22.16,21.21,22.68,22.53,,,,,,,,,,,,,,,,,,,,,,,526.5,22.53333333,,
24.52,23.15,22.81,25.84,24.67,22.11,22.16,21.26,22.68,22.53,,,,,,,,,,,,,,,,,,,,,,,528,22.53333333,,
24.52,23.15,22.81,25.84,24.72,22.11,22.16,21.29,22.68,22.53,,,,,,,,,,,,,,,,,,,,,,,529.5,22.53333333,,
24.52,23.15,22.81,25.84,24.75,22.11,22.16,21.29,22.68,22.53,,,,,,,,,,,,,,,,,,,,,,,531,22.53333333,,
24.53,23.18,22.82,25.85,24.76,22.12,22.16,21.28,22.68,22.54,,,,,,,,,,,,,,,,,,,,,,,532.5,22.54,,
24.56,23.14,22.85,25.85,24.76,22.12,22.16,21.29,22.68,22.55,,,,,,,,,,,,,,,,,,,,,,,534,22.55,,
24.59,23.06,22.88,25.88,24.72,22.15,22.17,21.28,22.69,22.57,,,,,,,,,,,,,,,,,,,,,,,535.5,22.57333333,,
24.6,23.06,22.89,25.91,24.67,22.18,22.19,21.27,22.71,22.59,,,,,,,,,,,,,,,,,,,,,,,537,22.59333333,,
24.6,23.06,22.89,25.92,24.67,22.19,22.21,21.26,22.73,22.60,,,,,,,,,,,,,,,,,,,,,,,538.5,22.60333333,,
24.6,23.13,22.89,25.93,24.75,22.2,22.23,21.26,22.75,22.61,,,,,,,,,,,,,,,,,,,,,,,540,22.61333333,,
24.6,23.12,22.89,25.93,24.75,22.2,22.25,21.24,22.77,22.62,,,,,,,,,,,,,,,,,,,,,,,541.5,22.62,,
24.6,23.15,22.89,25.93,24.76,22.2,22.25,21.25,22.77,22.62,,,,,,,,,,,,,,,,,,,,,,,543,22.62,,
24.6,23.15,22.89,25.93,24.76,22.2,22.25,21.29,22.77,22.62,,,,,,,,,,,,,,,,,,,,,,,544.5,22.62,,
24.6,23.23,22.89,25.93,24.76,22.2,22.47,21.29,22.99,22.69,,,,,,,,,,,,,,,,,,,,,,,546,22.69333333,,
24.61,23.24,22.9,25.93,24.76,22.2,23,21.29,23.52,22.87,,,,,,,,,,,,,,,,,,,,,,,547.5,22.87333333,,
24.61,23.24,22.9,25.93,24.76,22.2,22.85,21.37,23.37,22.82,,,,,,,,,,,,,,,,,,,,,,,549,22.82333333,,
24.63,23.25,22.92,25.93,24.76,22.2,22.65,21.38,23.17,22.76,,,,,,,,,,,,,,,,,,,,,,,550.5,22.76333333,,
24.64,23.29,22.93,25.93,24.76,22.2,22.3,21.38,22.82,22.65,,,,,,,,,,,,,,,,,,,,,,,552,22.65,,
24.67,23.31,22.96,25.93,24.76,22.2,22.31,21.38,22.83,22.66,,,,,,,,,,,,,,,,,,,,,,,553.5,22.66333333,,
24.68,23.33,22.97,25.95,24.84,22.22,22.32,21.41,22.84,22.68,,,,,,,,,,,,,,,,,,,,,,,555,22.67666667,,
24.69,23.3,22.98,25.97,24.84,22.24,22.34,21.43,22.86,22.69,,,,,,,,,,,,,,,,,,,,,,,556.5,22.69333333,,
24.69,23.24,22.98,26,24.84,22.27,22.34,21.43,22.86,22.70,,,,,,,,,,,,,,,,,,,,,,,558,22.70333333,,
24.69,23.24,22.98,26.01,24.81,22.28,22.34,21.4,22.86,22.71,,,,,,,,,,,,,,,,,,,,,,,559.5,22.70666667,,
24.69,23.29,22.98,26.01,24.76,22.28,22.34,21.38,22.86,22.71,,,,,,,,,,,,,,,,,,,,,,,561,22.70666667,,
24.69,23.24,22.98,26.02,24.79,22.29,22.34,21.38,22.86,22.71,,,,,,,,,,,,,,,,,,,,,,,562.5,22.71,,
24.69,23.28,22.98,26.02,24.84,22.29,22.34,21.38,22.86,22.71,,,,,,,,,,,,,,,,,,,,,,,564,22.71,,
24.69,23.32,22.98,26.02,24.84,22.29,22.34,21.41,22.86,22.71,,,,,,,,,,,,,,,,,,,,,,,565.5,22.71,,
24.7,23.33,22.99,26.02,24.84,22.29,22.36,21.44,22.88,22.72,,,,,,,,,,,,,,,,,,,,,,,567,22.72,,
24.71,23.33,23,26.02,24.84,22.29,22.38,21.46,22.9,22.73,,,,,,,,,,,,,,,,,,,,,,,568.5,22.73,,
24.74,23.33,23.03,26.02,24.84,22.29,22.41,21.47,22.93,22.75,,,,,,,,,,,,,,,,,,,,,,,570,22.75,,
24.76,23.33,23.05,26.02,24.84,22.29,22.42,21.47,22.94,22.76,,,,,,,,,,,,,,,,,,,,,,,571.5,22.76,,
24.78,23.33,23.07,26.02,24.84,22.29,22.42,21.47,22.94,22.77,,,,,,,,,,,,,,,,,,,,,,,573,22.76666667,,
24.78,23.33,23.07,26.03,24.88,22.3,22.42,21.47,22.94,22.77,,,,,,,,,,,,,,,,,,,,,,,574.5,22.77,,
24.78,23.33,23.07,26.05,24.93,22.32,22.42,21.47,22.94,22.78,,,,,,,,,,,,,,,,,,,,,,,576,22.77666667,,
24.78,23.33,23.07,26.07,24.89,22.34,22.42,21.49,22.94,22.78,,,,,,,,,,,,,,,,,,,,,,,577.5,22.78333333,,
24.78,23.33,23.07,26.09,24.93,22.36,22.42,21.48,22.94,22.79,,,,,,,,,,,,,,,,,,,,,,,579,22.79,,
24.78,23.33,23.07,26.1,24.93,22.37,22.43,21.5,22.95,22.80,,,,,,,,,,,,,,,,,,,,,,,580.5,22.79666667,,
24.78,23.32,23.07,26.1,24.93,22.37,22.45,21.54,22.97,22.80,,,,,,,,,,,,,,,,,,,,,,,582,22.80333333,,
24.78,23.33,23.07,26.1,24.93,22.37,22.47,21.55,22.99,22.81,,,,,,,,,,,,,,,,,,,,,,,583.5,22.81,,
24.78,23.33,23.07,26.1,24.93,22.37,22.48,21.5,23,22.81,,,,,,,,,,,,,,,,,,,,,,,585,22.81333333,,
24.78,23.33,23.07,26.1,24.98,22.37,22.51,21.51,23.03,22.82,,,,,,,,,,,,,,,,,,,,,,,586.5,22.82333333,,
24.79,23.33,23.08,26.1,25.02,22.37,22.61,21.53,23.13,22.86,,,,,,,,,,,,,,,,,,,,,,,588,22.86,,
24.82,23.33,23.11,26.1,25.02,22.37,23.19,21.56,23.71,23.06,,,,,,,,,,,,,,,,,,,,,,,589.5,23.06333333,,
24.85,23.39,23.14,26.1,25.02,22.37,23.24,21.55,23.76,23.09,,,,,,,,,,,,,,,,,,,,,,,591,23.09,,
24.86,23.39,23.15,26.1,25.02,22.37,23.2,21.55,23.72,23.08,,,,,,,,,,,,,,,,,,,,,,,592.5,23.08,,
24.87,23.42,23.16,26.11,25.01,22.38,23.19,21.55,23.71,23.08,,,,,,,,,,,,,,,,,,,,,,,594,23.08333333,,
24.85,23.4,23.14,26.11,24.97,22.38,22.93,21.47,23.45,22.99,,,,,,,,,,,,,,,,,,,,,,,595.5,22.99,,
